2026-05-19 23:47:05 startup archives unpack
2026-05-19 23:47:05 install netbase:all <none> 6.5
2026-05-19 23:47:05 status half-installed netbase:all 6.5
2026-05-19 23:47:05 status unpacked netbase:all 6.5
2026-05-19 23:47:05 install openssl:arm64 <none> 3.5.6-1~deb13u1
2026-05-19 23:47:05 status half-installed openssl:arm64 3.5.6-1~deb13u1
2026-05-19 23:47:05 status unpacked openssl:arm64 3.5.6-1~deb13u1
2026-05-19 23:47:05 install ca-certificates:all <none> 20250419
2026-05-19 23:47:05 status half-installed ca-certificates:all 20250419
2026-05-19 23:47:05 status unpacked ca-certificates:all 20250419
2026-05-19 23:47:06 startup packages configure
2026-05-19 23:47:06 configure netbase:all 6.5 <none>
2026-05-19 23:47:06 status unpacked netbase:all 6.5
2026-05-19 23:47:06 status half-configured netbase:all 6.5
2026-05-19 23:47:06 status installed netbase:all 6.5
2026-05-19 23:47:06 configure openssl:arm64 3.5.6-1~deb13u1 <none>
2026-05-19 23:47:06 status unpacked openssl:arm64 3.5.6-1~deb13u1
2026-05-19 23:47:06 status half-configured openssl:arm64 3.5.6-1~deb13u1
2026-05-19 23:47:06 status installed openssl:arm64 3.5.6-1~deb13u1
2026-05-19 23:47:06 configure ca-certificates:all 20250419 <none>
2026-05-19 23:47:06 status unpacked ca-certificates:all 20250419
2026-05-19 23:47:06 status half-configured ca-certificates:all 20250419
2026-05-19 23:47:07 status installed ca-certificates:all 20250419
2026-05-19 23:47:07 status triggers-pending ca-certificates:all 20250419
2026-05-19 23:47:07 trigproc ca-certificates:all 20250419 <none>
2026-05-19 23:47:07 status half-configured ca-certificates:all 20250419
2026-05-19 23:47:07 status installed ca-certificates:all 20250419
2026-05-19 23:47:14 startup archives unpack
2026-05-19 23:47:14 install libexpat1:arm64 <none> 2.7.1-2
2026-05-19 23:47:14 status triggers-pending libc-bin:arm64 2.41-12+deb13u3
2026-05-19 23:47:14 status half-installed libexpat1:arm64 2.7.1-2
2026-05-19 23:47:14 status unpacked libexpat1:arm64 2.7.1-2
2026-05-19 23:47:14 install adduser:all <none> 3.152
2026-05-19 23:47:14 status half-installed adduser:all 3.152
2026-05-19 23:47:14 status unpacked adduser:all 3.152
2026-05-19 23:47:14 startup packages configure
2026-05-19 23:47:14 configure adduser:all 3.152 <none>
2026-05-19 23:47:14 status unpacked adduser:all 3.152
2026-05-19 23:47:14 status half-configured adduser:all 3.152
2026-05-19 23:47:14 status installed adduser:all 3.152
2026-05-19 23:47:14 startup archives unpack
2026-05-19 23:47:14 install readline-common:all <none> 8.2-6
2026-05-19 23:47:14 status half-installed readline-common:all 8.2-6
2026-05-19 23:47:14 status unpacked readline-common:all 8.2-6
2026-05-19 23:47:14 install bzip2:arm64 <none> 1.0.8-6
2026-05-19 23:47:14 status half-installed bzip2:arm64 1.0.8-6
2026-05-19 23:47:14 status unpacked bzip2:arm64 1.0.8-6
2026-05-19 23:47:14 install perl-modules-5.40:all <none> 5.40.1-6
2026-05-19 23:47:14 status half-installed perl-modules-5.40:all 5.40.1-6
2026-05-19 23:47:14 status unpacked perl-modules-5.40:all 5.40.1-6
2026-05-19 23:47:14 install libgdbm6t64:arm64 <none> 1.24-2
2026-05-19 23:47:14 status half-installed libgdbm6t64:arm64 1.24-2
2026-05-19 23:47:14 status unpacked libgdbm6t64:arm64 1.24-2
2026-05-19 23:47:14 install libgdbm-compat4t64:arm64 <none> 1.24-2
2026-05-19 23:47:14 status half-installed libgdbm-compat4t64:arm64 1.24-2
2026-05-19 23:47:14 status unpacked libgdbm-compat4t64:arm64 1.24-2
2026-05-19 23:47:14 install libperl5.40:arm64 <none> 5.40.1-6
2026-05-19 23:47:14 status half-installed libperl5.40:arm64 5.40.1-6
2026-05-19 23:47:15 status unpacked libperl5.40:arm64 5.40.1-6
2026-05-19 23:47:15 install perl:arm64 <none> 5.40.1-6
2026-05-19 23:47:15 status half-installed perl:arm64 5.40.1-6
2026-05-19 23:47:15 status unpacked perl:arm64 5.40.1-6
2026-05-19 23:47:15 install libunistring5:arm64 <none> 1.3-2
2026-05-19 23:47:15 status half-installed libunistring5:arm64 1.3-2
2026-05-19 23:47:15 status unpacked libunistring5:arm64 1.3-2
2026-05-19 23:47:15 install libidn2-0:arm64 <none> 2.3.8-2
2026-05-19 23:47:15 status half-installed libidn2-0:arm64 2.3.8-2
2026-05-19 23:47:15 status unpacked libidn2-0:arm64 2.3.8-2
2026-05-19 23:47:15 install libffi8:arm64 <none> 3.4.8-2
2026-05-19 23:47:15 status half-installed libffi8:arm64 3.4.8-2
2026-05-19 23:47:15 status unpacked libffi8:arm64 3.4.8-2
2026-05-19 23:47:15 install libp11-kit0:arm64 <none> 0.25.5-3
2026-05-19 23:47:15 status half-installed libp11-kit0:arm64 0.25.5-3
2026-05-19 23:47:15 status unpacked libp11-kit0:arm64 0.25.5-3
2026-05-19 23:47:15 install libtasn1-6:arm64 <none> 4.20.0-2
2026-05-19 23:47:15 status half-installed libtasn1-6:arm64 4.20.0-2
2026-05-19 23:47:15 status unpacked libtasn1-6:arm64 4.20.0-2
2026-05-19 23:47:15 install libgnutls30t64:arm64 <none> 3.8.9-3+deb13u4
2026-05-19 23:47:15 status half-installed libgnutls30t64:arm64 3.8.9-3+deb13u4
2026-05-19 23:47:15 status unpacked libgnutls30t64:arm64 3.8.9-3+deb13u4
2026-05-19 23:47:15 install libpsl5t64:arm64 <none> 0.21.2-1.1+b1
2026-05-19 23:47:15 status half-installed libpsl5t64:arm64 0.21.2-1.1+b1
2026-05-19 23:47:15 status unpacked libpsl5t64:arm64 0.21.2-1.1+b1
2026-05-19 23:47:15 install wget:arm64 <none> 1.25.0-2
2026-05-19 23:47:15 status half-installed wget:arm64 1.25.0-2
2026-05-19 23:47:15 status unpacked wget:arm64 1.25.0-2
2026-05-19 23:47:15 install xz-utils:arm64 <none> 5.8.1-1
2026-05-19 23:47:15 status half-installed xz-utils:arm64 5.8.1-1
2026-05-19 23:47:15 status unpacked xz-utils:arm64 5.8.1-1
2026-05-19 23:47:15 install libsframe1:arm64 <none> 2.44-3
2026-05-19 23:47:15 status half-installed libsframe1:arm64 2.44-3
2026-05-19 23:47:15 status unpacked libsframe1:arm64 2.44-3
2026-05-19 23:47:15 install binutils-common:arm64 <none> 2.44-3
2026-05-19 23:47:15 status half-installed binutils-common:arm64 2.44-3
2026-05-19 23:47:15 status unpacked binutils-common:arm64 2.44-3
2026-05-19 23:47:16 install libbinutils:arm64 <none> 2.44-3
2026-05-19 23:47:16 status half-installed libbinutils:arm64 2.44-3
2026-05-19 23:47:16 status unpacked libbinutils:arm64 2.44-3
2026-05-19 23:47:16 install libgprofng0:arm64 <none> 2.44-3
2026-05-19 23:47:16 status half-installed libgprofng0:arm64 2.44-3
2026-05-19 23:47:16 status unpacked libgprofng0:arm64 2.44-3
2026-05-19 23:47:16 install libctf-nobfd0:arm64 <none> 2.44-3
2026-05-19 23:47:16 status half-installed libctf-nobfd0:arm64 2.44-3
2026-05-19 23:47:16 status unpacked libctf-nobfd0:arm64 2.44-3
2026-05-19 23:47:16 install libctf0:arm64 <none> 2.44-3
2026-05-19 23:47:16 status half-installed libctf0:arm64 2.44-3
2026-05-19 23:47:16 status unpacked libctf0:arm64 2.44-3
2026-05-19 23:47:16 install libjansson4:arm64 <none> 2.14-2+b3
2026-05-19 23:47:16 status half-installed libjansson4:arm64 2.14-2+b3
2026-05-19 23:47:16 status unpacked libjansson4:arm64 2.14-2+b3
2026-05-19 23:47:16 install binutils-aarch64-linux-gnu:arm64 <none> 2.44-3
2026-05-19 23:47:16 status half-installed binutils-aarch64-linux-gnu:arm64 2.44-3
2026-05-19 23:47:16 status unpacked binutils-aarch64-linux-gnu:arm64 2.44-3
2026-05-19 23:47:16 install binutils:arm64 <none> 2.44-3
2026-05-19 23:47:16 status half-installed binutils:arm64 2.44-3
2026-05-19 23:47:16 status unpacked binutils:arm64 2.44-3
2026-05-19 23:47:16 install libisl23:arm64 <none> 0.27-1
2026-05-19 23:47:16 status half-installed libisl23:arm64 0.27-1
2026-05-19 23:47:16 status unpacked libisl23:arm64 0.27-1
2026-05-19 23:47:16 install libmpfr6:arm64 <none> 4.2.2-1
2026-05-19 23:47:16 status half-installed libmpfr6:arm64 4.2.2-1
2026-05-19 23:47:16 status unpacked libmpfr6:arm64 4.2.2-1
2026-05-19 23:47:16 install libmpc3:arm64 <none> 1.3.1-1+b3
2026-05-19 23:47:16 status half-installed libmpc3:arm64 1.3.1-1+b3
2026-05-19 23:47:16 status unpacked libmpc3:arm64 1.3.1-1+b3
2026-05-19 23:47:16 install cpp-14-aarch64-linux-gnu:arm64 <none> 14.2.0-19
2026-05-19 23:47:16 status half-installed cpp-14-aarch64-linux-gnu:arm64 14.2.0-19
2026-05-19 23:47:17 status unpacked cpp-14-aarch64-linux-gnu:arm64 14.2.0-19
2026-05-19 23:47:17 install cpp-14:arm64 <none> 14.2.0-19
2026-05-19 23:47:17 status half-installed cpp-14:arm64 14.2.0-19
2026-05-19 23:47:17 status unpacked cpp-14:arm64 14.2.0-19
2026-05-19 23:47:17 install cpp-aarch64-linux-gnu:arm64 <none> 4:14.2.0-1
2026-05-19 23:47:17 status half-installed cpp-aarch64-linux-gnu:arm64 4:14.2.0-1
2026-05-19 23:47:17 status unpacked cpp-aarch64-linux-gnu:arm64 4:14.2.0-1
2026-05-19 23:47:17 install cpp:arm64 <none> 4:14.2.0-1
2026-05-19 23:47:17 status half-installed cpp:arm64 4:14.2.0-1
2026-05-19 23:47:17 status unpacked cpp:arm64 4:14.2.0-1
2026-05-19 23:47:17 install libgpg-error0:arm64 <none> 1.51-4
2026-05-19 23:47:17 status half-installed libgpg-error0:arm64 1.51-4
2026-05-19 23:47:17 status unpacked libgpg-error0:arm64 1.51-4
2026-05-19 23:47:17 install libassuan9:arm64 <none> 3.0.2-2
2026-05-19 23:47:17 status half-installed libassuan9:arm64 3.0.2-2
2026-05-19 23:47:17 status unpacked libassuan9:arm64 3.0.2-2
2026-05-19 23:47:17 install libgcrypt20:arm64 <none> 1.11.0-7
2026-05-19 23:47:17 status half-installed libgcrypt20:arm64 1.11.0-7
2026-05-19 23:47:17 status unpacked libgcrypt20:arm64 1.11.0-7
2026-05-19 23:47:17 install libreadline8t64:arm64 <none> 8.2-6
2026-05-19 23:47:17 status half-installed libreadline8t64:arm64 8.2-6
2026-05-19 23:47:17 status unpacked libreadline8t64:arm64 8.2-6
2026-05-19 23:47:17 install gpgconf:arm64 <none> 2.4.7-21+deb13u1+b3
2026-05-19 23:47:17 status half-installed gpgconf:arm64 2.4.7-21+deb13u1+b3
2026-05-19 23:47:17 status unpacked gpgconf:arm64 2.4.7-21+deb13u1+b3
2026-05-19 23:47:17 install libksba8:arm64 <none> 1.6.7-2+b1
2026-05-19 23:47:17 status half-installed libksba8:arm64 1.6.7-2+b1
2026-05-19 23:47:17 status unpacked libksba8:arm64 1.6.7-2+b1
2026-05-19 23:47:17 install libsasl2-modules-db:arm64 <none> 2.1.28+dfsg1-9
2026-05-19 23:47:17 status half-installed libsasl2-modules-db:arm64 2.1.28+dfsg1-9
2026-05-19 23:47:17 status unpacked libsasl2-modules-db:arm64 2.1.28+dfsg1-9
2026-05-19 23:47:17 install libsasl2-2:arm64 <none> 2.1.28+dfsg1-9
2026-05-19 23:47:17 status half-installed libsasl2-2:arm64 2.1.28+dfsg1-9
2026-05-19 23:47:17 status unpacked libsasl2-2:arm64 2.1.28+dfsg1-9
2026-05-19 23:47:17 install libldap2:arm64 <none> 2.6.10+dfsg-1
2026-05-19 23:47:17 status half-installed libldap2:arm64 2.6.10+dfsg-1
2026-05-19 23:47:17 status unpacked libldap2:arm64 2.6.10+dfsg-1
2026-05-19 23:47:17 install libnpth0t64:arm64 <none> 1.8-3
2026-05-19 23:47:17 status half-installed libnpth0t64:arm64 1.8-3
2026-05-19 23:47:17 status unpacked libnpth0t64:arm64 1.8-3
2026-05-19 23:47:17 install dirmngr:arm64 <none> 2.4.7-21+deb13u1+b3
2026-05-19 23:47:17 status half-installed dirmngr:arm64 2.4.7-21+deb13u1+b3
2026-05-19 23:47:17 status unpacked dirmngr:arm64 2.4.7-21+deb13u1+b3
2026-05-19 23:47:17 install libdpkg-perl:all <none> 1.22.22
2026-05-19 23:47:17 status half-installed libdpkg-perl:all 1.22.22
2026-05-19 23:47:18 status unpacked libdpkg-perl:all 1.22.22
2026-05-19 23:47:18 install patch:arm64 <none> 2.8-2
2026-05-19 23:47:18 status half-installed patch:arm64 2.8-2
2026-05-19 23:47:18 status unpacked patch:arm64 2.8-2
2026-05-19 23:47:18 install make:arm64 <none> 4.4.1-2
2026-05-19 23:47:18 status half-installed make:arm64 4.4.1-2
2026-05-19 23:47:18 status unpacked make:arm64 4.4.1-2
2026-05-19 23:47:18 install dpkg-dev:all <none> 1.22.22
2026-05-19 23:47:18 status half-installed dpkg-dev:all 1.22.22
2026-05-19 23:47:18 status unpacked dpkg-dev:all 1.22.22
2026-05-19 23:47:18 install fonts-dejavu-mono:all <none> 2.37-8
2026-05-19 23:47:18 status half-installed fonts-dejavu-mono:all 2.37-8
2026-05-19 23:47:18 status unpacked fonts-dejavu-mono:all 2.37-8
2026-05-19 23:47:18 install fonts-dejavu-core:all <none> 2.37-8
2026-05-19 23:47:18 status half-installed fonts-dejavu-core:all 2.37-8
2026-05-19 23:47:18 status unpacked fonts-dejavu-core:all 2.37-8
2026-05-19 23:47:18 install fontconfig-config:arm64 <none> 2.15.0-2.3
2026-05-19 23:47:18 status half-installed fontconfig-config:arm64 2.15.0-2.3
2026-05-19 23:47:18 status unpacked fontconfig-config:arm64 2.15.0-2.3
2026-05-19 23:47:18 install libcc1-0:arm64 <none> 14.2.0-19
2026-05-19 23:47:18 status half-installed libcc1-0:arm64 14.2.0-19
2026-05-19 23:47:18 status unpacked libcc1-0:arm64 14.2.0-19
2026-05-19 23:47:18 install libgomp1:arm64 <none> 14.2.0-19
2026-05-19 23:47:18 status half-installed libgomp1:arm64 14.2.0-19
2026-05-19 23:47:18 status unpacked libgomp1:arm64 14.2.0-19
2026-05-19 23:47:18 install libitm1:arm64 <none> 14.2.0-19
2026-05-19 23:47:18 status half-installed libitm1:arm64 14.2.0-19
2026-05-19 23:47:18 status unpacked libitm1:arm64 14.2.0-19
2026-05-19 23:47:18 install libatomic1:arm64 <none> 14.2.0-19
2026-05-19 23:47:18 status half-installed libatomic1:arm64 14.2.0-19
2026-05-19 23:47:18 status unpacked libatomic1:arm64 14.2.0-19
2026-05-19 23:47:18 install libasan8:arm64 <none> 14.2.0-19
2026-05-19 23:47:18 status half-installed libasan8:arm64 14.2.0-19
2026-05-19 23:47:18 status unpacked libasan8:arm64 14.2.0-19
2026-05-19 23:47:18 install liblsan0:arm64 <none> 14.2.0-19
2026-05-19 23:47:18 status half-installed liblsan0:arm64 14.2.0-19
2026-05-19 23:47:18 status unpacked liblsan0:arm64 14.2.0-19
2026-05-19 23:47:18 install libtsan2:arm64 <none> 14.2.0-19
2026-05-19 23:47:18 status half-installed libtsan2:arm64 14.2.0-19
2026-05-19 23:47:19 status unpacked libtsan2:arm64 14.2.0-19
2026-05-19 23:47:19 install libubsan1:arm64 <none> 14.2.0-19
2026-05-19 23:47:19 status half-installed libubsan1:arm64 14.2.0-19
2026-05-19 23:47:19 status unpacked libubsan1:arm64 14.2.0-19
2026-05-19 23:47:19 install libhwasan0:arm64 <none> 14.2.0-19
2026-05-19 23:47:19 status half-installed libhwasan0:arm64 14.2.0-19
2026-05-19 23:47:19 status unpacked libhwasan0:arm64 14.2.0-19
2026-05-19 23:47:19 install libgcc-14-dev:arm64 <none> 14.2.0-19
2026-05-19 23:47:19 status half-installed libgcc-14-dev:arm64 14.2.0-19
2026-05-19 23:47:19 status unpacked libgcc-14-dev:arm64 14.2.0-19
2026-05-19 23:47:19 install gcc-14-aarch64-linux-gnu:arm64 <none> 14.2.0-19
2026-05-19 23:47:19 status half-installed gcc-14-aarch64-linux-gnu:arm64 14.2.0-19
2026-05-19 23:47:20 status unpacked gcc-14-aarch64-linux-gnu:arm64 14.2.0-19
2026-05-19 23:47:20 install gcc-14:arm64 <none> 14.2.0-19
2026-05-19 23:47:20 status half-installed gcc-14:arm64 14.2.0-19
2026-05-19 23:47:20 status unpacked gcc-14:arm64 14.2.0-19
2026-05-19 23:47:20 install gcc-aarch64-linux-gnu:arm64 <none> 4:14.2.0-1
2026-05-19 23:47:20 status half-installed gcc-aarch64-linux-gnu:arm64 4:14.2.0-1
2026-05-19 23:47:20 status unpacked gcc-aarch64-linux-gnu:arm64 4:14.2.0-1
2026-05-19 23:47:20 install gcc:arm64 <none> 4:14.2.0-1
2026-05-19 23:47:20 status half-installed gcc:arm64 4:14.2.0-1
2026-05-19 23:47:20 status unpacked gcc:arm64 4:14.2.0-1
2026-05-19 23:47:20 install gnupg-l10n:all <none> 2.4.7-21+deb13u1
2026-05-19 23:47:20 status half-installed gnupg-l10n:all 2.4.7-21+deb13u1
2026-05-19 23:47:20 status unpacked gnupg-l10n:all 2.4.7-21+deb13u1
2026-05-19 23:47:20 install gpg:arm64 <none> 2.4.7-21+deb13u1+b3
2026-05-19 23:47:20 status half-installed gpg:arm64 2.4.7-21+deb13u1+b3
2026-05-19 23:47:20 status unpacked gpg:arm64 2.4.7-21+deb13u1+b3
2026-05-19 23:47:20 install libncursesw6:arm64 <none> 6.5+20250216-2
2026-05-19 23:47:20 status half-installed libncursesw6:arm64 6.5+20250216-2
2026-05-19 23:47:20 status unpacked libncursesw6:arm64 6.5+20250216-2
2026-05-19 23:47:20 install pinentry-curses:arm64 <none> 1.3.1-2
2026-05-19 23:47:20 status half-installed pinentry-curses:arm64 1.3.1-2
2026-05-19 23:47:20 status unpacked pinentry-curses:arm64 1.3.1-2
2026-05-19 23:47:20 install gpg-agent:arm64 <none> 2.4.7-21+deb13u1+b3
2026-05-19 23:47:20 status half-installed gpg-agent:arm64 2.4.7-21+deb13u1+b3
2026-05-19 23:47:20 status unpacked gpg-agent:arm64 2.4.7-21+deb13u1+b3
2026-05-19 23:47:20 install gpgsm:arm64 <none> 2.4.7-21+deb13u1+b3
2026-05-19 23:47:20 status half-installed gpgsm:arm64 2.4.7-21+deb13u1+b3
2026-05-19 23:47:20 status unpacked gpgsm:arm64 2.4.7-21+deb13u1+b3
2026-05-19 23:47:20 install gnupg:all <none> 2.4.7-21+deb13u1
2026-05-19 23:47:20 status half-installed gnupg:all 2.4.7-21+deb13u1
2026-05-19 23:47:20 status unpacked gnupg:all 2.4.7-21+deb13u1
2026-05-19 23:47:20 install libbluetooth3:arm64 <none> 5.82-1.1
2026-05-19 23:47:20 status half-installed libbluetooth3:arm64 5.82-1.1
2026-05-19 23:47:20 status unpacked libbluetooth3:arm64 5.82-1.1
2026-05-19 23:47:20 install libc-dev-bin:arm64 <none> 2.41-12+deb13u3
2026-05-19 23:47:20 status half-installed libc-dev-bin:arm64 2.41-12+deb13u3
2026-05-19 23:47:20 status unpacked libc-dev-bin:arm64 2.41-12+deb13u3
2026-05-19 23:47:20 install linux-libc-dev:all <none> 6.12.88-1
2026-05-19 23:47:20 status half-installed linux-libc-dev:all 6.12.88-1
2026-05-19 23:47:20 status unpacked linux-libc-dev:all 6.12.88-1
2026-05-19 23:47:20 install libcrypt-dev:arm64 <none> 1:4.4.38-1
2026-05-19 23:47:20 status half-installed libcrypt-dev:arm64 1:4.4.38-1
2026-05-19 23:47:20 status unpacked libcrypt-dev:arm64 1:4.4.38-1
2026-05-19 23:47:20 install rpcsvc-proto:arm64 <none> 1.4.3-1+b1
2026-05-19 23:47:20 status half-installed rpcsvc-proto:arm64 1.4.3-1+b1
2026-05-19 23:47:21 status unpacked rpcsvc-proto:arm64 1.4.3-1+b1
2026-05-19 23:47:21 install libc6-dev:arm64 <none> 2.41-12+deb13u3
2026-05-19 23:47:21 status half-installed libc6-dev:arm64 2.41-12+deb13u3
2026-05-19 23:47:21 status unpacked libc6-dev:arm64 2.41-12+deb13u3
2026-05-19 23:47:21 install libbluetooth-dev:arm64 <none> 5.82-1.1
2026-05-19 23:47:21 status half-installed libbluetooth-dev:arm64 5.82-1.1
2026-05-19 23:47:21 status unpacked libbluetooth-dev:arm64 5.82-1.1
2026-05-19 23:47:21 install libbrotli1:arm64 <none> 1.1.0-2+b7
2026-05-19 23:47:21 status half-installed libbrotli1:arm64 1.1.0-2+b7
2026-05-19 23:47:21 status unpacked libbrotli1:arm64 1.1.0-2+b7
2026-05-19 23:47:21 install libbrotli-dev:arm64 <none> 1.1.0-2+b7
2026-05-19 23:47:21 status half-installed libbrotli-dev:arm64 1.1.0-2+b7
2026-05-19 23:47:21 status unpacked libbrotli-dev:arm64 1.1.0-2+b7
2026-05-19 23:47:21 install libbz2-dev:arm64 <none> 1.0.8-6
2026-05-19 23:47:21 status half-installed libbz2-dev:arm64 1.0.8-6
2026-05-19 23:47:21 status unpacked libbz2-dev:arm64 1.0.8-6
2026-05-19 23:47:21 install libdb5.3-dev:arm64 <none> 5.3.28+dfsg2-9
2026-05-19 23:47:21 status half-installed libdb5.3-dev:arm64 5.3.28+dfsg2-9
2026-05-19 23:47:21 status unpacked libdb5.3-dev:arm64 5.3.28+dfsg2-9
2026-05-19 23:47:21 install libdb-dev:arm64 <none> 5.3.4
2026-05-19 23:47:21 status half-installed libdb-dev:arm64 5.3.4
2026-05-19 23:47:21 status unpacked libdb-dev:arm64 5.3.4
2026-05-19 23:47:21 install libexpat1-dev:arm64 <none> 2.7.1-2
2026-05-19 23:47:21 status half-installed libexpat1-dev:arm64 2.7.1-2
2026-05-19 23:47:21 status unpacked libexpat1-dev:arm64 2.7.1-2
2026-05-19 23:47:21 install libffi-dev:arm64 <none> 3.4.8-2
2026-05-19 23:47:21 status half-installed libffi-dev:arm64 3.4.8-2
2026-05-19 23:47:21 status unpacked libffi-dev:arm64 3.4.8-2
2026-05-19 23:47:21 install libpng16-16t64:arm64 <none> 1.6.48-1+deb13u5
2026-05-19 23:47:21 status half-installed libpng16-16t64:arm64 1.6.48-1+deb13u5
2026-05-19 23:47:21 status unpacked libpng16-16t64:arm64 1.6.48-1+deb13u5
2026-05-19 23:47:21 install libfreetype6:arm64 <none> 2.13.3+dfsg-1+deb13u1
2026-05-19 23:47:21 status half-installed libfreetype6:arm64 2.13.3+dfsg-1+deb13u1
2026-05-19 23:47:21 status unpacked libfreetype6:arm64 2.13.3+dfsg-1+deb13u1
2026-05-19 23:47:21 install libfontconfig1:arm64 <none> 2.15.0-2.3
2026-05-19 23:47:21 status half-installed libfontconfig1:arm64 2.15.0-2.3
2026-05-19 23:47:21 status unpacked libfontconfig1:arm64 2.15.0-2.3
2026-05-19 23:47:21 install zlib1g-dev:arm64 <none> 1:1.3.dfsg+really1.3.1-1+b1
2026-05-19 23:47:21 status half-installed zlib1g-dev:arm64 1:1.3.dfsg+really1.3.1-1+b1
2026-05-19 23:47:21 status unpacked zlib1g-dev:arm64 1:1.3.dfsg+really1.3.1-1+b1
2026-05-19 23:47:21 install libpng-dev:arm64 <none> 1.6.48-1+deb13u5
2026-05-19 23:47:21 status half-installed libpng-dev:arm64 1.6.48-1+deb13u5
2026-05-19 23:47:21 status unpacked libpng-dev:arm64 1.6.48-1+deb13u5
2026-05-19 23:47:21 install libfreetype-dev:arm64 <none> 2.13.3+dfsg-1+deb13u1
2026-05-19 23:47:21 status half-installed libfreetype-dev:arm64 2.13.3+dfsg-1+deb13u1
2026-05-19 23:47:21 status unpacked libfreetype-dev:arm64 2.13.3+dfsg-1+deb13u1
2026-05-19 23:47:21 install uuid-dev:arm64 <none> 2.41-5
2026-05-19 23:47:21 status half-installed uuid-dev:arm64 2.41-5
2026-05-19 23:47:22 status unpacked uuid-dev:arm64 2.41-5
2026-05-19 23:47:22 install libpkgconf3:arm64 <none> 1.8.1-4
2026-05-19 23:47:22 status half-installed libpkgconf3:arm64 1.8.1-4
2026-05-19 23:47:22 status unpacked libpkgconf3:arm64 1.8.1-4
2026-05-19 23:47:22 install pkgconf-bin:arm64 <none> 1.8.1-4
2026-05-19 23:47:22 status half-installed pkgconf-bin:arm64 1.8.1-4
2026-05-19 23:47:22 status unpacked pkgconf-bin:arm64 1.8.1-4
2026-05-19 23:47:22 install pkgconf:arm64 <none> 1.8.1-4
2026-05-19 23:47:22 status half-installed pkgconf:arm64 1.8.1-4
2026-05-19 23:47:22 status unpacked pkgconf:arm64 1.8.1-4
2026-05-19 23:47:22 install libfontconfig-dev:arm64 <none> 2.15.0-2.3
2026-05-19 23:47:22 status half-installed libfontconfig-dev:arm64 2.15.0-2.3
2026-05-19 23:47:22 status unpacked libfontconfig-dev:arm64 2.15.0-2.3
2026-05-19 23:47:22 install libfontconfig1-dev:arm64 <none> 2.15.0-2.3
2026-05-19 23:47:22 status half-installed libfontconfig1-dev:arm64 2.15.0-2.3
2026-05-19 23:47:22 status unpacked libfontconfig1-dev:arm64 2.15.0-2.3
2026-05-19 23:47:22 install libgdbm-dev:arm64 <none> 1.24-2
2026-05-19 23:47:22 status half-installed libgdbm-dev:arm64 1.24-2
2026-05-19 23:47:22 status unpacked libgdbm-dev:arm64 1.24-2
2026-05-19 23:47:22 install liblzma-dev:arm64 <none> 5.8.1-1
2026-05-19 23:47:22 status half-installed liblzma-dev:arm64 5.8.1-1
2026-05-19 23:47:22 status unpacked liblzma-dev:arm64 5.8.1-1
2026-05-19 23:47:22 install libncurses6:arm64 <none> 6.5+20250216-2
2026-05-19 23:47:22 status half-installed libncurses6:arm64 6.5+20250216-2
2026-05-19 23:47:22 status unpacked libncurses6:arm64 6.5+20250216-2
2026-05-19 23:47:22 install libncurses-dev:arm64 <none> 6.5+20250216-2
2026-05-19 23:47:22 status half-installed libncurses-dev:arm64 6.5+20250216-2
2026-05-19 23:47:22 status unpacked libncurses-dev:arm64 6.5+20250216-2
2026-05-19 23:47:22 install libreadline-dev:arm64 <none> 8.2-6
2026-05-19 23:47:22 status half-installed libreadline-dev:arm64 8.2-6
2026-05-19 23:47:22 status unpacked libreadline-dev:arm64 8.2-6
2026-05-19 23:47:22 install libsqlite3-dev:arm64 <none> 3.46.1-7+deb13u1
2026-05-19 23:47:22 status half-installed libsqlite3-dev:arm64 3.46.1-7+deb13u1
2026-05-19 23:47:22 status unpacked libsqlite3-dev:arm64 3.46.1-7+deb13u1
2026-05-19 23:47:22 install libssl-dev:arm64 <none> 3.5.6-1~deb13u1
2026-05-19 23:47:22 status half-installed libssl-dev:arm64 3.5.6-1~deb13u1
2026-05-19 23:47:22 status unpacked libssl-dev:arm64 3.5.6-1~deb13u1
2026-05-19 23:47:22 install libtcl8.6:arm64 <none> 8.6.16+dfsg-1
2026-05-19 23:47:22 status half-installed libtcl8.6:arm64 8.6.16+dfsg-1
2026-05-19 23:47:22 status unpacked libtcl8.6:arm64 8.6.16+dfsg-1
2026-05-19 23:47:22 install libxau6:arm64 <none> 1:1.0.11-1
2026-05-19 23:47:22 status half-installed libxau6:arm64 1:1.0.11-1
2026-05-19 23:47:22 status unpacked libxau6:arm64 1:1.0.11-1
2026-05-19 23:47:22 install libxdmcp6:arm64 <none> 1:1.1.5-1
2026-05-19 23:47:22 status half-installed libxdmcp6:arm64 1:1.1.5-1
2026-05-19 23:47:22 status unpacked libxdmcp6:arm64 1:1.1.5-1
2026-05-19 23:47:23 install libxcb1:arm64 <none> 1.17.0-2+b1
2026-05-19 23:47:23 status half-installed libxcb1:arm64 1.17.0-2+b1
2026-05-19 23:47:23 status unpacked libxcb1:arm64 1.17.0-2+b1
2026-05-19 23:47:23 install libx11-data:all <none> 2:1.8.12-1
2026-05-19 23:47:23 status half-installed libx11-data:all 2:1.8.12-1
2026-05-19 23:47:23 status unpacked libx11-data:all 2:1.8.12-1
2026-05-19 23:47:23 install libx11-6:arm64 <none> 2:1.8.12-1
2026-05-19 23:47:23 status half-installed libx11-6:arm64 2:1.8.12-1
2026-05-19 23:47:23 status unpacked libx11-6:arm64 2:1.8.12-1
2026-05-19 23:47:23 install libxrender1:arm64 <none> 1:0.9.12-1
2026-05-19 23:47:23 status half-installed libxrender1:arm64 1:0.9.12-1
2026-05-19 23:47:23 status unpacked libxrender1:arm64 1:0.9.12-1
2026-05-19 23:47:23 install libxft2:arm64 <none> 2.3.6-1+b4
2026-05-19 23:47:23 status half-installed libxft2:arm64 2.3.6-1+b4
2026-05-19 23:47:23 status unpacked libxft2:arm64 2.3.6-1+b4
2026-05-19 23:47:23 install libxext6:arm64 <none> 2:1.3.4-1+b3
2026-05-19 23:47:23 status half-installed libxext6:arm64 2:1.3.4-1+b3
2026-05-19 23:47:23 status unpacked libxext6:arm64 2:1.3.4-1+b3
2026-05-19 23:47:23 install x11-common:all <none> 1:7.7+24+deb13u1
2026-05-19 23:47:23 status half-installed x11-common:all 1:7.7+24+deb13u1
2026-05-19 23:47:23 status unpacked x11-common:all 1:7.7+24+deb13u1
2026-05-19 23:47:23 install libxss1:arm64 <none> 1:1.2.3-1+b3
2026-05-19 23:47:23 status half-installed libxss1:arm64 1:1.2.3-1+b3
2026-05-19 23:47:23 status unpacked libxss1:arm64 1:1.2.3-1+b3
2026-05-19 23:47:23 install libtk8.6:arm64 <none> 8.6.16-1
2026-05-19 23:47:23 status half-installed libtk8.6:arm64 8.6.16-1
2026-05-19 23:47:23 status unpacked libtk8.6:arm64 8.6.16-1
2026-05-19 23:47:23 install xorg-sgml-doctools:all <none> 1:1.11-1.1
2026-05-19 23:47:23 status half-installed xorg-sgml-doctools:all 1:1.11-1.1
2026-05-19 23:47:23 status unpacked xorg-sgml-doctools:all 1:1.11-1.1
2026-05-19 23:47:23 install x11proto-dev:all <none> 2024.1-1
2026-05-19 23:47:23 status half-installed x11proto-dev:all 2024.1-1
2026-05-19 23:47:23 status unpacked x11proto-dev:all 2024.1-1
2026-05-19 23:47:23 install libxau-dev:arm64 <none> 1:1.0.11-1
2026-05-19 23:47:23 status half-installed libxau-dev:arm64 1:1.0.11-1
2026-05-19 23:47:23 status unpacked libxau-dev:arm64 1:1.0.11-1
2026-05-19 23:47:23 install libxdmcp-dev:arm64 <none> 1:1.1.5-1
2026-05-19 23:47:23 status half-installed libxdmcp-dev:arm64 1:1.1.5-1
2026-05-19 23:47:23 status unpacked libxdmcp-dev:arm64 1:1.1.5-1
2026-05-19 23:47:23 install xtrans-dev:all <none> 1.4.0-1
2026-05-19 23:47:23 status half-installed xtrans-dev:all 1.4.0-1
2026-05-19 23:47:23 status unpacked xtrans-dev:all 1.4.0-1
2026-05-19 23:47:23 install libxcb1-dev:arm64 <none> 1.17.0-2+b1
2026-05-19 23:47:23 status half-installed libxcb1-dev:arm64 1.17.0-2+b1
2026-05-19 23:47:23 status unpacked libxcb1-dev:arm64 1.17.0-2+b1
2026-05-19 23:47:23 install libx11-dev:arm64 <none> 2:1.8.12-1
2026-05-19 23:47:23 status half-installed libx11-dev:arm64 2:1.8.12-1
2026-05-19 23:47:23 status unpacked libx11-dev:arm64 2:1.8.12-1
2026-05-19 23:47:23 install libxext-dev:arm64 <none> 2:1.3.4-1+b3
2026-05-19 23:47:23 status half-installed libxext-dev:arm64 2:1.3.4-1+b3
2026-05-19 23:47:23 status unpacked libxext-dev:arm64 2:1.3.4-1+b3
2026-05-19 23:47:23 install libxrender-dev:arm64 <none> 1:0.9.12-1
2026-05-19 23:47:23 status half-installed libxrender-dev:arm64 1:0.9.12-1
2026-05-19 23:47:24 status unpacked libxrender-dev:arm64 1:0.9.12-1
2026-05-19 23:47:24 install libxft-dev:arm64 <none> 2.3.6-1+b4
2026-05-19 23:47:24 status half-installed libxft-dev:arm64 2.3.6-1+b4
2026-05-19 23:47:24 status unpacked libxft-dev:arm64 2.3.6-1+b4
2026-05-19 23:47:24 install libxss-dev:arm64 <none> 1:1.2.3-1+b3
2026-05-19 23:47:24 status half-installed libxss-dev:arm64 1:1.2.3-1+b3
2026-05-19 23:47:24 status unpacked libxss-dev:arm64 1:1.2.3-1+b3
2026-05-19 23:47:24 install tcl8.6:arm64 <none> 8.6.16+dfsg-1
2026-05-19 23:47:24 status half-installed tcl8.6:arm64 8.6.16+dfsg-1
2026-05-19 23:47:24 status unpacked tcl8.6:arm64 8.6.16+dfsg-1
2026-05-19 23:47:24 install tcl:arm64 <none> 8.6.16
2026-05-19 23:47:24 status half-installed tcl:arm64 8.6.16
2026-05-19 23:47:24 status unpacked tcl:arm64 8.6.16
2026-05-19 23:47:24 install tcl8.6-dev:arm64 <none> 8.6.16+dfsg-1
2026-05-19 23:47:24 status half-installed tcl8.6-dev:arm64 8.6.16+dfsg-1
2026-05-19 23:47:24 status unpacked tcl8.6-dev:arm64 8.6.16+dfsg-1
2026-05-19 23:47:24 install tcl-dev:arm64 <none> 8.6.16
2026-05-19 23:47:24 status half-installed tcl-dev:arm64 8.6.16
2026-05-19 23:47:24 status unpacked tcl-dev:arm64 8.6.16
2026-05-19 23:47:24 install tk8.6:arm64 <none> 8.6.16-1
2026-05-19 23:47:24 status half-installed tk8.6:arm64 8.6.16-1
2026-05-19 23:47:24 status unpacked tk8.6:arm64 8.6.16-1
2026-05-19 23:47:24 install tk:arm64 <none> 8.6.16
2026-05-19 23:47:24 status half-installed tk:arm64 8.6.16
2026-05-19 23:47:24 status unpacked tk:arm64 8.6.16
2026-05-19 23:47:24 install x11proto-core-dev:all <none> 2024.1-1
2026-05-19 23:47:24 status half-installed x11proto-core-dev:all 2024.1-1
2026-05-19 23:47:24 status unpacked x11proto-core-dev:all 2024.1-1
2026-05-19 23:47:24 install tk8.6-dev:arm64 <none> 8.6.16-1
2026-05-19 23:47:24 status half-installed tk8.6-dev:arm64 8.6.16-1
2026-05-19 23:47:24 status unpacked tk8.6-dev:arm64 8.6.16-1
2026-05-19 23:47:24 install tk-dev:arm64 <none> 8.6.16
2026-05-19 23:47:24 status half-installed tk-dev:arm64 8.6.16
2026-05-19 23:47:24 status unpacked tk-dev:arm64 8.6.16
2026-05-19 23:47:24 startup packages configure
2026-05-19 23:47:24 configure libexpat1:arm64 2.7.1-2 <none>
2026-05-19 23:47:24 status unpacked libexpat1:arm64 2.7.1-2
2026-05-19 23:47:24 status half-configured libexpat1:arm64 2.7.1-2
2026-05-19 23:47:24 status installed libexpat1:arm64 2.7.1-2
2026-05-19 23:47:24 configure libxau6:arm64 1:1.0.11-1 <none>
2026-05-19 23:47:24 status unpacked libxau6:arm64 1:1.0.11-1
2026-05-19 23:47:24 status half-configured libxau6:arm64 1:1.0.11-1
2026-05-19 23:47:24 status installed libxau6:arm64 1:1.0.11-1
2026-05-19 23:47:24 configure libxdmcp6:arm64 1:1.1.5-1 <none>
2026-05-19 23:47:24 status unpacked libxdmcp6:arm64 1:1.1.5-1
2026-05-19 23:47:24 status half-configured libxdmcp6:arm64 1:1.1.5-1
2026-05-19 23:47:24 status installed libxdmcp6:arm64 1:1.1.5-1
2026-05-19 23:47:24 configure libnpth0t64:arm64 1.8-3 <none>
2026-05-19 23:47:24 status unpacked libnpth0t64:arm64 1.8-3
2026-05-19 23:47:24 status half-configured libnpth0t64:arm64 1.8-3
2026-05-19 23:47:24 status installed libnpth0t64:arm64 1.8-3
2026-05-19 23:47:24 configure libxcb1:arm64 1.17.0-2+b1 <none>
2026-05-19 23:47:24 status unpacked libxcb1:arm64 1.17.0-2+b1
2026-05-19 23:47:24 status half-configured libxcb1:arm64 1.17.0-2+b1
2026-05-19 23:47:24 status installed libxcb1:arm64 1.17.0-2+b1
2026-05-19 23:47:24 configure libgdbm6t64:arm64 1.24-2 <none>
2026-05-19 23:47:24 status unpacked libgdbm6t64:arm64 1.24-2
2026-05-19 23:47:24 status half-configured libgdbm6t64:arm64 1.24-2
2026-05-19 23:47:24 status installed libgdbm6t64:arm64 1.24-2
2026-05-19 23:47:24 configure libgpg-error0:arm64 1.51-4 <none>
2026-05-19 23:47:24 status unpacked libgpg-error0:arm64 1.51-4
2026-05-19 23:47:24 status half-configured libgpg-error0:arm64 1.51-4
2026-05-19 23:47:24 status installed libgpg-error0:arm64 1.51-4
2026-05-19 23:47:24 configure libgdbm-compat4t64:arm64 1.24-2 <none>
2026-05-19 23:47:24 status unpacked libgdbm-compat4t64:arm64 1.24-2
2026-05-19 23:47:24 status half-configured libgdbm-compat4t64:arm64 1.24-2
2026-05-19 23:47:24 status installed libgdbm-compat4t64:arm64 1.24-2
2026-05-19 23:47:24 configure libbrotli1:arm64 1.1.0-2+b7 <none>
2026-05-19 23:47:24 status unpacked libbrotli1:arm64 1.1.0-2+b7
2026-05-19 23:47:24 status half-configured libbrotli1:arm64 1.1.0-2+b7
2026-05-19 23:47:24 status installed libbrotli1:arm64 1.1.0-2+b7
2026-05-19 23:47:24 configure binutils-common:arm64 2.44-3 <none>
2026-05-19 23:47:24 status unpacked binutils-common:arm64 2.44-3
2026-05-19 23:47:24 status half-configured binutils-common:arm64 2.44-3
2026-05-19 23:47:24 status installed binutils-common:arm64 2.44-3
2026-05-19 23:47:24 configure x11-common:all 1:7.7+24+deb13u1 <none>
2026-05-19 23:47:24 status unpacked x11-common:all 1:7.7+24+deb13u1
2026-05-19 23:47:24 status half-configured x11-common:all 1:7.7+24+deb13u1
2026-05-19 23:47:24 status installed x11-common:all 1:7.7+24+deb13u1
2026-05-19 23:47:24 configure linux-libc-dev:all 6.12.88-1 <none>
2026-05-19 23:47:24 status unpacked linux-libc-dev:all 6.12.88-1
2026-05-19 23:47:24 status half-configured linux-libc-dev:all 6.12.88-1
2026-05-19 23:47:24 status installed linux-libc-dev:all 6.12.88-1
2026-05-19 23:47:24 configure libctf-nobfd0:arm64 2.44-3 <none>
2026-05-19 23:47:24 status unpacked libctf-nobfd0:arm64 2.44-3
2026-05-19 23:47:24 status half-configured libctf-nobfd0:arm64 2.44-3
2026-05-19 23:47:24 status installed libctf-nobfd0:arm64 2.44-3
2026-05-19 23:47:24 configure libgcrypt20:arm64 1.11.0-7 <none>
2026-05-19 23:47:24 status unpacked libgcrypt20:arm64 1.11.0-7
2026-05-19 23:47:24 status half-configured libgcrypt20:arm64 1.11.0-7
2026-05-19 23:47:24 status installed libgcrypt20:arm64 1.11.0-7
2026-05-19 23:47:24 configure libgomp1:arm64 14.2.0-19 <none>
2026-05-19 23:47:24 status unpacked libgomp1:arm64 14.2.0-19
2026-05-19 23:47:24 status half-configured libgomp1:arm64 14.2.0-19
2026-05-19 23:47:24 status installed libgomp1:arm64 14.2.0-19
2026-05-19 23:47:24 configure bzip2:arm64 1.0.8-6 <none>
2026-05-19 23:47:24 status unpacked bzip2:arm64 1.0.8-6
2026-05-19 23:47:25 status half-configured bzip2:arm64 1.0.8-6
2026-05-19 23:47:25 status installed bzip2:arm64 1.0.8-6
2026-05-19 23:47:25 configure libsframe1:arm64 2.44-3 <none>
2026-05-19 23:47:25 status unpacked libsframe1:arm64 2.44-3
2026-05-19 23:47:25 status half-configured libsframe1:arm64 2.44-3
2026-05-19 23:47:25 status installed libsframe1:arm64 2.44-3
2026-05-19 23:47:25 configure libjansson4:arm64 2.14-2+b3 <none>
2026-05-19 23:47:25 status unpacked libjansson4:arm64 2.14-2+b3
2026-05-19 23:47:25 status half-configured libjansson4:arm64 2.14-2+b3
2026-05-19 23:47:25 status installed libjansson4:arm64 2.14-2+b3
2026-05-19 23:47:25 configure libsasl2-modules-db:arm64 2.1.28+dfsg1-9 <none>
2026-05-19 23:47:25 status unpacked libsasl2-modules-db:arm64 2.1.28+dfsg1-9
2026-05-19 23:47:25 status half-configured libsasl2-modules-db:arm64 2.1.28+dfsg1-9
2026-05-19 23:47:25 status installed libsasl2-modules-db:arm64 2.1.28+dfsg1-9
2026-05-19 23:47:25 configure xtrans-dev:all 1.4.0-1 <none>
2026-05-19 23:47:25 status unpacked xtrans-dev:all 1.4.0-1
2026-05-19 23:47:25 status half-configured xtrans-dev:all 1.4.0-1
2026-05-19 23:47:25 status installed xtrans-dev:all 1.4.0-1
2026-05-19 23:47:25 configure libpkgconf3:arm64 1.8.1-4 <none>
2026-05-19 23:47:25 status unpacked libpkgconf3:arm64 1.8.1-4
2026-05-19 23:47:25 status half-configured libpkgconf3:arm64 1.8.1-4
2026-05-19 23:47:25 status installed libpkgconf3:arm64 1.8.1-4
2026-05-19 23:47:25 configure rpcsvc-proto:arm64 1.4.3-1+b1 <none>
2026-05-19 23:47:25 status unpacked rpcsvc-proto:arm64 1.4.3-1+b1
2026-05-19 23:47:25 status half-configured rpcsvc-proto:arm64 1.4.3-1+b1
2026-05-19 23:47:25 status installed rpcsvc-proto:arm64 1.4.3-1+b1
2026-05-19 23:47:25 configure libx11-data:all 2:1.8.12-1 <none>
2026-05-19 23:47:25 status unpacked libx11-data:all 2:1.8.12-1
2026-05-19 23:47:25 status half-configured libx11-data:all 2:1.8.12-1
2026-05-19 23:47:25 status installed libx11-data:all 2:1.8.12-1
2026-05-19 23:47:25 configure make:arm64 4.4.1-2 <none>
2026-05-19 23:47:25 status unpacked make:arm64 4.4.1-2
2026-05-19 23:47:25 status half-configured make:arm64 4.4.1-2
2026-05-19 23:47:25 status installed make:arm64 4.4.1-2
2026-05-19 23:47:25 configure libmpfr6:arm64 4.2.2-1 <none>
2026-05-19 23:47:25 status unpacked libmpfr6:arm64 4.2.2-1
2026-05-19 23:47:25 status half-configured libmpfr6:arm64 4.2.2-1
2026-05-19 23:47:25 status installed libmpfr6:arm64 4.2.2-1
2026-05-19 23:47:25 configure gnupg-l10n:all 2.4.7-21+deb13u1 <none>
2026-05-19 23:47:25 status unpacked gnupg-l10n:all 2.4.7-21+deb13u1
2026-05-19 23:47:25 status half-configured gnupg-l10n:all 2.4.7-21+deb13u1
2026-05-19 23:47:25 status installed gnupg-l10n:all 2.4.7-21+deb13u1
2026-05-19 23:47:25 configure libncurses6:arm64 6.5+20250216-2 <none>
2026-05-19 23:47:25 status unpacked libncurses6:arm64 6.5+20250216-2
2026-05-19 23:47:25 status half-configured libncurses6:arm64 6.5+20250216-2
2026-05-19 23:47:25 status installed libncurses6:arm64 6.5+20250216-2
2026-05-19 23:47:25 configure xz-utils:arm64 5.8.1-1 <none>
2026-05-19 23:47:25 status unpacked xz-utils:arm64 5.8.1-1
2026-05-19 23:47:25 status half-configured xz-utils:arm64 5.8.1-1
2026-05-19 23:47:25 status installed xz-utils:arm64 5.8.1-1
2026-05-19 23:47:25 configure libunistring5:arm64 1.3-2 <none>
2026-05-19 23:47:25 status unpacked libunistring5:arm64 1.3-2
2026-05-19 23:47:25 status half-configured libunistring5:arm64 1.3-2
2026-05-19 23:47:25 status installed libunistring5:arm64 1.3-2
2026-05-19 23:47:25 configure fonts-dejavu-mono:all 2.37-8 <none>
2026-05-19 23:47:25 status unpacked fonts-dejavu-mono:all 2.37-8
2026-05-19 23:47:25 status half-configured fonts-dejavu-mono:all 2.37-8
2026-05-19 23:47:25 status installed fonts-dejavu-mono:all 2.37-8
2026-05-19 23:47:25 configure libssl-dev:arm64 3.5.6-1~deb13u1 <none>
2026-05-19 23:47:25 status unpacked libssl-dev:arm64 3.5.6-1~deb13u1
2026-05-19 23:47:25 status half-configured libssl-dev:arm64 3.5.6-1~deb13u1
2026-05-19 23:47:25 status installed libssl-dev:arm64 3.5.6-1~deb13u1
2026-05-19 23:47:25 configure libpng16-16t64:arm64 1.6.48-1+deb13u5 <none>
2026-05-19 23:47:25 status unpacked libpng16-16t64:arm64 1.6.48-1+deb13u5
2026-05-19 23:47:25 status half-configured libpng16-16t64:arm64 1.6.48-1+deb13u5
2026-05-19 23:47:25 status installed libpng16-16t64:arm64 1.6.48-1+deb13u5
2026-05-19 23:47:25 configure libmpc3:arm64 1.3.1-1+b3 <none>
2026-05-19 23:47:25 status unpacked libmpc3:arm64 1.3.1-1+b3
2026-05-19 23:47:25 status half-configured libmpc3:arm64 1.3.1-1+b3
2026-05-19 23:47:25 status installed libmpc3:arm64 1.3.1-1+b3
2026-05-19 23:47:25 configure libatomic1:arm64 14.2.0-19 <none>
2026-05-19 23:47:25 status unpacked libatomic1:arm64 14.2.0-19
2026-05-19 23:47:25 status half-configured libatomic1:arm64 14.2.0-19
2026-05-19 23:47:25 status installed libatomic1:arm64 14.2.0-19
2026-05-19 23:47:25 configure patch:arm64 2.8-2 <none>
2026-05-19 23:47:25 status unpacked patch:arm64 2.8-2
2026-05-19 23:47:25 status half-configured patch:arm64 2.8-2
2026-05-19 23:47:25 status installed patch:arm64 2.8-2
2026-05-19 23:47:25 configure libtcl8.6:arm64 8.6.16+dfsg-1 <none>
2026-05-19 23:47:25 status unpacked libtcl8.6:arm64 8.6.16+dfsg-1
2026-05-19 23:47:25 status half-configured libtcl8.6:arm64 8.6.16+dfsg-1
2026-05-19 23:47:25 status installed libtcl8.6:arm64 8.6.16+dfsg-1
2026-05-19 23:47:25 configure fonts-dejavu-core:all 2.37-8 <none>
2026-05-19 23:47:25 status unpacked fonts-dejavu-core:all 2.37-8
2026-05-19 23:47:25 status half-configured fonts-dejavu-core:all 2.37-8
2026-05-19 23:47:25 status installed fonts-dejavu-core:all 2.37-8
2026-05-19 23:47:25 configure pkgconf-bin:arm64 1.8.1-4 <none>
2026-05-19 23:47:25 status unpacked pkgconf-bin:arm64 1.8.1-4
2026-05-19 23:47:25 status half-configured pkgconf-bin:arm64 1.8.1-4
2026-05-19 23:47:25 status installed pkgconf-bin:arm64 1.8.1-4
2026-05-19 23:47:25 configure libncursesw6:arm64 6.5+20250216-2 <none>
2026-05-19 23:47:25 status unpacked libncursesw6:arm64 6.5+20250216-2
2026-05-19 23:47:25 status half-configured libncursesw6:arm64 6.5+20250216-2
2026-05-19 23:47:25 status installed libncursesw6:arm64 6.5+20250216-2
2026-05-19 23:47:25 configure libsasl2-2:arm64 2.1.28+dfsg1-9 <none>
2026-05-19 23:47:25 status unpacked libsasl2-2:arm64 2.1.28+dfsg1-9
2026-05-19 23:47:25 status half-configured libsasl2-2:arm64 2.1.28+dfsg1-9
2026-05-19 23:47:25 status installed libsasl2-2:arm64 2.1.28+dfsg1-9
2026-05-19 23:47:25 configure liblzma-dev:arm64 5.8.1-1 <none>
2026-05-19 23:47:25 status unpacked liblzma-dev:arm64 5.8.1-1
2026-05-19 23:47:25 status half-configured liblzma-dev:arm64 5.8.1-1
2026-05-19 23:47:25 status installed liblzma-dev:arm64 5.8.1-1
2026-05-19 23:47:25 configure libubsan1:arm64 14.2.0-19 <none>
2026-05-19 23:47:25 status unpacked libubsan1:arm64 14.2.0-19
2026-05-19 23:47:25 status half-configured libubsan1:arm64 14.2.0-19
2026-05-19 23:47:25 status installed libubsan1:arm64 14.2.0-19
2026-05-19 23:47:25 configure libffi8:arm64 3.4.8-2 <none>
2026-05-19 23:47:25 status unpacked libffi8:arm64 3.4.8-2
2026-05-19 23:47:25 status half-configured libffi8:arm64 3.4.8-2
2026-05-19 23:47:25 status installed libffi8:arm64 3.4.8-2
2026-05-19 23:47:25 configure perl-modules-5.40:all 5.40.1-6 <none>
2026-05-19 23:47:25 status unpacked perl-modules-5.40:all 5.40.1-6
2026-05-19 23:47:25 status half-configured perl-modules-5.40:all 5.40.1-6
2026-05-19 23:47:25 status installed perl-modules-5.40:all 5.40.1-6
2026-05-19 23:47:25 configure libhwasan0:arm64 14.2.0-19 <none>
2026-05-19 23:47:25 status unpacked libhwasan0:arm64 14.2.0-19
2026-05-19 23:47:25 status half-configured libhwasan0:arm64 14.2.0-19
2026-05-19 23:47:25 status installed libhwasan0:arm64 14.2.0-19
2026-05-19 23:47:25 configure libbluetooth3:arm64 5.82-1.1 <none>
2026-05-19 23:47:25 status unpacked libbluetooth3:arm64 5.82-1.1
2026-05-19 23:47:25 status half-configured libbluetooth3:arm64 5.82-1.1
2026-05-19 23:47:25 status installed libbluetooth3:arm64 5.82-1.1
2026-05-19 23:47:25 configure libdb5.3-dev:arm64 5.3.28+dfsg2-9 <none>
2026-05-19 23:47:25 status unpacked libdb5.3-dev:arm64 5.3.28+dfsg2-9
2026-05-19 23:47:25 status half-configured libdb5.3-dev:arm64 5.3.28+dfsg2-9
2026-05-19 23:47:25 status installed libdb5.3-dev:arm64 5.3.28+dfsg2-9
2026-05-19 23:47:25 configure libcrypt-dev:arm64 1:4.4.38-1 <none>
2026-05-19 23:47:25 status unpacked libcrypt-dev:arm64 1:4.4.38-1
2026-05-19 23:47:25 status half-configured libcrypt-dev:arm64 1:4.4.38-1
2026-05-19 23:47:25 status installed libcrypt-dev:arm64 1:4.4.38-1
2026-05-19 23:47:25 configure libasan8:arm64 14.2.0-19 <none>
2026-05-19 23:47:25 status unpacked libasan8:arm64 14.2.0-19
2026-05-19 23:47:25 status half-configured libasan8:arm64 14.2.0-19
2026-05-19 23:47:25 status installed libasan8:arm64 14.2.0-19
2026-05-19 23:47:25 configure libassuan9:arm64 3.0.2-2 <none>
2026-05-19 23:47:25 status unpacked libassuan9:arm64 3.0.2-2
2026-05-19 23:47:25 status half-configured libassuan9:arm64 3.0.2-2
2026-05-19 23:47:25 status installed libassuan9:arm64 3.0.2-2
2026-05-19 23:47:25 configure libtasn1-6:arm64 4.20.0-2 <none>
2026-05-19 23:47:25 status unpacked libtasn1-6:arm64 4.20.0-2
2026-05-19 23:47:25 status half-configured libtasn1-6:arm64 4.20.0-2
2026-05-19 23:47:25 status installed libtasn1-6:arm64 4.20.0-2
2026-05-19 23:47:25 configure libx11-6:arm64 2:1.8.12-1 <none>
2026-05-19 23:47:25 status unpacked libx11-6:arm64 2:1.8.12-1
2026-05-19 23:47:25 status half-configured libx11-6:arm64 2:1.8.12-1
2026-05-19 23:47:25 status installed libx11-6:arm64 2:1.8.12-1
2026-05-19 23:47:25 configure xorg-sgml-doctools:all 1:1.11-1.1 <none>
2026-05-19 23:47:25 status unpacked xorg-sgml-doctools:all 1:1.11-1.1
2026-05-19 23:47:25 status half-configured xorg-sgml-doctools:all 1:1.11-1.1
2026-05-19 23:47:25 status installed xorg-sgml-doctools:all 1:1.11-1.1
2026-05-19 23:47:25 configure libtsan2:arm64 14.2.0-19 <none>
2026-05-19 23:47:25 status unpacked libtsan2:arm64 14.2.0-19
2026-05-19 23:47:25 status half-configured libtsan2:arm64 14.2.0-19
2026-05-19 23:47:25 status installed libtsan2:arm64 14.2.0-19
2026-05-19 23:47:25 configure libbinutils:arm64 2.44-3 <none>
2026-05-19 23:47:25 status unpacked libbinutils:arm64 2.44-3
2026-05-19 23:47:25 status half-configured libbinutils:arm64 2.44-3
2026-05-19 23:47:25 status installed libbinutils:arm64 2.44-3
2026-05-19 23:47:25 configure libisl23:arm64 0.27-1 <none>
2026-05-19 23:47:25 status unpacked libisl23:arm64 0.27-1
2026-05-19 23:47:25 status half-configured libisl23:arm64 0.27-1
2026-05-19 23:47:25 status installed libisl23:arm64 0.27-1
2026-05-19 23:47:25 configure libc-dev-bin:arm64 2.41-12+deb13u3 <none>
2026-05-19 23:47:25 status unpacked libc-dev-bin:arm64 2.41-12+deb13u3
2026-05-19 23:47:25 status half-configured libc-dev-bin:arm64 2.41-12+deb13u3
2026-05-19 23:47:25 status installed libc-dev-bin:arm64 2.41-12+deb13u3
2026-05-19 23:47:25 configure readline-common:all 8.2-6 <none>
2026-05-19 23:47:25 status unpacked readline-common:all 8.2-6
2026-05-19 23:47:25 status half-configured readline-common:all 8.2-6
2026-05-19 23:47:25 status installed readline-common:all 8.2-6
2026-05-19 23:47:25 configure libcc1-0:arm64 14.2.0-19 <none>
2026-05-19 23:47:25 status unpacked libcc1-0:arm64 14.2.0-19
2026-05-19 23:47:25 status half-configured libcc1-0:arm64 14.2.0-19
2026-05-19 23:47:25 status installed libcc1-0:arm64 14.2.0-19
2026-05-19 23:47:25 configure libldap2:arm64 2.6.10+dfsg-1 <none>
2026-05-19 23:47:25 status unpacked libldap2:arm64 2.6.10+dfsg-1
2026-05-19 23:47:25 status half-configured libldap2:arm64 2.6.10+dfsg-1
2026-05-19 23:47:25 status installed libldap2:arm64 2.6.10+dfsg-1
2026-05-19 23:47:25 configure libbrotli-dev:arm64 1.1.0-2+b7 <none>
2026-05-19 23:47:25 status unpacked libbrotli-dev:arm64 1.1.0-2+b7
2026-05-19 23:47:25 status half-configured libbrotli-dev:arm64 1.1.0-2+b7
2026-05-19 23:47:25 status installed libbrotli-dev:arm64 1.1.0-2+b7
2026-05-19 23:47:25 configure liblsan0:arm64 14.2.0-19 <none>
2026-05-19 23:47:25 status unpacked liblsan0:arm64 14.2.0-19
2026-05-19 23:47:25 status half-configured liblsan0:arm64 14.2.0-19
2026-05-19 23:47:25 status installed liblsan0:arm64 14.2.0-19
2026-05-19 23:47:25 configure libitm1:arm64 14.2.0-19 <none>
2026-05-19 23:47:25 status unpacked libitm1:arm64 14.2.0-19
2026-05-19 23:47:25 status half-configured libitm1:arm64 14.2.0-19
2026-05-19 23:47:25 status installed libitm1:arm64 14.2.0-19
2026-05-19 23:47:25 configure libctf0:arm64 2.44-3 <none>
2026-05-19 23:47:25 status unpacked libctf0:arm64 2.44-3
2026-05-19 23:47:25 status half-configured libctf0:arm64 2.44-3
2026-05-19 23:47:25 status installed libctf0:arm64 2.44-3
2026-05-19 23:47:25 configure libksba8:arm64 1.6.7-2+b1 <none>
2026-05-19 23:47:25 status unpacked libksba8:arm64 1.6.7-2+b1
2026-05-19 23:47:25 status half-configured libksba8:arm64 1.6.7-2+b1
2026-05-19 23:47:25 status installed libksba8:arm64 1.6.7-2+b1
2026-05-19 23:47:25 configure pinentry-curses:arm64 1.3.1-2 <none>
2026-05-19 23:47:25 status unpacked pinentry-curses:arm64 1.3.1-2
2026-05-19 23:47:25 status half-configured pinentry-curses:arm64 1.3.1-2
2026-05-19 23:47:25 status installed pinentry-curses:arm64 1.3.1-2
2026-05-19 23:47:25 configure x11proto-dev:all 2024.1-1 <none>
2026-05-19 23:47:25 status unpacked x11proto-dev:all 2024.1-1
2026-05-19 23:47:25 status half-configured x11proto-dev:all 2024.1-1
2026-05-19 23:47:25 status installed x11proto-dev:all 2024.1-1
2026-05-19 23:47:25 configure tcl8.6:arm64 8.6.16+dfsg-1 <none>
2026-05-19 23:47:25 status unpacked tcl8.6:arm64 8.6.16+dfsg-1
2026-05-19 23:47:25 status half-configured tcl8.6:arm64 8.6.16+dfsg-1
2026-05-19 23:47:25 status installed tcl8.6:arm64 8.6.16+dfsg-1
2026-05-19 23:47:25 configure libxau-dev:arm64 1:1.0.11-1 <none>
2026-05-19 23:47:25 status unpacked libxau-dev:arm64 1:1.0.11-1
2026-05-19 23:47:25 status half-configured libxau-dev:arm64 1:1.0.11-1
2026-05-19 23:47:25 status installed libxau-dev:arm64 1:1.0.11-1
2026-05-19 23:47:25 configure libxrender1:arm64 1:0.9.12-1 <none>
2026-05-19 23:47:25 status unpacked libxrender1:arm64 1:0.9.12-1
2026-05-19 23:47:25 status half-configured libxrender1:arm64 1:0.9.12-1
2026-05-19 23:47:25 status installed libxrender1:arm64 1:0.9.12-1
2026-05-19 23:47:25 configure fontconfig-config:arm64 2.15.0-2.3 <none>
2026-05-19 23:47:25 status unpacked fontconfig-config:arm64 2.15.0-2.3
2026-05-19 23:47:25 status half-configured fontconfig-config:arm64 2.15.0-2.3
2026-05-19 23:47:26 status installed fontconfig-config:arm64 2.15.0-2.3
2026-05-19 23:47:26 configure libxext6:arm64 2:1.3.4-1+b3 <none>
2026-05-19 23:47:26 status unpacked libxext6:arm64 2:1.3.4-1+b3
2026-05-19 23:47:26 status half-configured libxext6:arm64 2:1.3.4-1+b3
2026-05-19 23:47:26 status installed libxext6:arm64 2:1.3.4-1+b3
2026-05-19 23:47:26 configure binutils-aarch64-linux-gnu:arm64 2.44-3 <none>
2026-05-19 23:47:26 status unpacked binutils-aarch64-linux-gnu:arm64 2.44-3
2026-05-19 23:47:26 status half-configured binutils-aarch64-linux-gnu:arm64 2.44-3
2026-05-19 23:47:26 status installed binutils-aarch64-linux-gnu:arm64 2.44-3
2026-05-19 23:47:26 configure libidn2-0:arm64 2.3.8-2 <none>
2026-05-19 23:47:26 status unpacked libidn2-0:arm64 2.3.8-2
2026-05-19 23:47:26 status half-configured libidn2-0:arm64 2.3.8-2
2026-05-19 23:47:26 status installed libidn2-0:arm64 2.3.8-2
2026-05-19 23:47:26 configure libffi-dev:arm64 3.4.8-2 <none>
2026-05-19 23:47:26 status unpacked libffi-dev:arm64 3.4.8-2
2026-05-19 23:47:26 status half-configured libffi-dev:arm64 3.4.8-2
2026-05-19 23:47:26 status installed libffi-dev:arm64 3.4.8-2
2026-05-19 23:47:26 configure pkgconf:arm64 1.8.1-4 <none>
2026-05-19 23:47:26 status unpacked pkgconf:arm64 1.8.1-4
2026-05-19 23:47:26 status half-configured pkgconf:arm64 1.8.1-4
2026-05-19 23:47:26 status installed pkgconf:arm64 1.8.1-4
2026-05-19 23:47:26 configure libperl5.40:arm64 5.40.1-6 <none>
2026-05-19 23:47:26 status unpacked libperl5.40:arm64 5.40.1-6
2026-05-19 23:47:26 status half-configured libperl5.40:arm64 5.40.1-6
2026-05-19 23:47:26 status installed libperl5.40:arm64 5.40.1-6
2026-05-19 23:47:26 configure libxdmcp-dev:arm64 1:1.1.5-1 <none>
2026-05-19 23:47:26 status unpacked libxdmcp-dev:arm64 1:1.1.5-1
2026-05-19 23:47:26 status half-configured libxdmcp-dev:arm64 1:1.1.5-1
2026-05-19 23:47:26 status installed libxdmcp-dev:arm64 1:1.1.5-1
2026-05-19 23:47:26 configure perl:arm64 5.40.1-6 <none>
2026-05-19 23:47:26 status unpacked perl:arm64 5.40.1-6
2026-05-19 23:47:26 status half-configured perl:arm64 5.40.1-6
2026-05-19 23:47:26 status installed perl:arm64 5.40.1-6
2026-05-19 23:47:26 configure libgprofng0:arm64 2.44-3 <none>
2026-05-19 23:47:26 status unpacked libgprofng0:arm64 2.44-3
2026-05-19 23:47:26 status half-configured libgprofng0:arm64 2.44-3
2026-05-19 23:47:26 status installed libgprofng0:arm64 2.44-3
2026-05-19 23:47:26 configure libfreetype6:arm64 2.13.3+dfsg-1+deb13u1 <none>
2026-05-19 23:47:26 status unpacked libfreetype6:arm64 2.13.3+dfsg-1+deb13u1
2026-05-19 23:47:26 status half-configured libfreetype6:arm64 2.13.3+dfsg-1+deb13u1
2026-05-19 23:47:26 status installed libfreetype6:arm64 2.13.3+dfsg-1+deb13u1
2026-05-19 23:47:26 configure x11proto-core-dev:all 2024.1-1 <none>
2026-05-19 23:47:26 status unpacked x11proto-core-dev:all 2024.1-1
2026-05-19 23:47:26 status half-configured x11proto-core-dev:all 2024.1-1
2026-05-19 23:47:26 status installed x11proto-core-dev:all 2024.1-1
2026-05-19 23:47:26 configure libdb-dev:arm64 5.3.4 <none>
2026-05-19 23:47:26 status unpacked libdb-dev:arm64 5.3.4
2026-05-19 23:47:26 status half-configured libdb-dev:arm64 5.3.4
2026-05-19 23:47:26 status installed libdb-dev:arm64 5.3.4
2026-05-19 23:47:26 configure libp11-kit0:arm64 0.25.5-3 <none>
2026-05-19 23:47:26 status unpacked libp11-kit0:arm64 0.25.5-3
2026-05-19 23:47:26 status half-configured libp11-kit0:arm64 0.25.5-3
2026-05-19 23:47:26 status installed libp11-kit0:arm64 0.25.5-3
2026-05-19 23:47:26 configure libdpkg-perl:all 1.22.22 <none>
2026-05-19 23:47:26 status unpacked libdpkg-perl:all 1.22.22
2026-05-19 23:47:26 status half-configured libdpkg-perl:all 1.22.22
2026-05-19 23:47:26 status installed libdpkg-perl:all 1.22.22
2026-05-19 23:47:26 configure libreadline8t64:arm64 8.2-6 <none>
2026-05-19 23:47:26 status unpacked libreadline8t64:arm64 8.2-6
2026-05-19 23:47:26 status half-configured libreadline8t64:arm64 8.2-6
2026-05-19 23:47:26 status installed libreadline8t64:arm64 8.2-6
2026-05-19 23:47:26 configure cpp-14-aarch64-linux-gnu:arm64 14.2.0-19 <none>
2026-05-19 23:47:26 status unpacked cpp-14-aarch64-linux-gnu:arm64 14.2.0-19
2026-05-19 23:47:26 status half-configured cpp-14-aarch64-linux-gnu:arm64 14.2.0-19
2026-05-19 23:47:26 status installed cpp-14-aarch64-linux-gnu:arm64 14.2.0-19
2026-05-19 23:47:26 configure tcl:arm64 8.6.16 <none>
2026-05-19 23:47:26 status unpacked tcl:arm64 8.6.16
2026-05-19 23:47:26 status half-configured tcl:arm64 8.6.16
2026-05-19 23:47:26 status installed tcl:arm64 8.6.16
2026-05-19 23:47:26 configure gpgconf:arm64 2.4.7-21+deb13u1+b3 <none>
2026-05-19 23:47:26 status unpacked gpgconf:arm64 2.4.7-21+deb13u1+b3
2026-05-19 23:47:26 status half-configured gpgconf:arm64 2.4.7-21+deb13u1+b3
2026-05-19 23:47:26 status installed gpgconf:arm64 2.4.7-21+deb13u1+b3
2026-05-19 23:47:26 configure libc6-dev:arm64 2.41-12+deb13u3 <none>
2026-05-19 23:47:26 status unpacked libc6-dev:arm64 2.41-12+deb13u3
2026-05-19 23:47:26 status half-configured libc6-dev:arm64 2.41-12+deb13u3
2026-05-19 23:47:26 status installed libc6-dev:arm64 2.41-12+deb13u3
2026-05-19 23:47:26 configure libxss1:arm64 1:1.2.3-1+b3 <none>
2026-05-19 23:47:26 status unpacked libxss1:arm64 1:1.2.3-1+b3
2026-05-19 23:47:26 status half-configured libxss1:arm64 1:1.2.3-1+b3
2026-05-19 23:47:26 status installed libxss1:arm64 1:1.2.3-1+b3
2026-05-19 23:47:26 configure libfontconfig1:arm64 2.15.0-2.3 <none>
2026-05-19 23:47:26 status unpacked libfontconfig1:arm64 2.15.0-2.3
2026-05-19 23:47:26 status half-configured libfontconfig1:arm64 2.15.0-2.3
2026-05-19 23:47:26 status installed libfontconfig1:arm64 2.15.0-2.3
2026-05-19 23:47:26 configure libgdbm-dev:arm64 1.24-2 <none>
2026-05-19 23:47:26 status unpacked libgdbm-dev:arm64 1.24-2
2026-05-19 23:47:26 status half-configured libgdbm-dev:arm64 1.24-2
2026-05-19 23:47:26 status installed libgdbm-dev:arm64 1.24-2
2026-05-19 23:47:26 configure libgcc-14-dev:arm64 14.2.0-19 <none>
2026-05-19 23:47:26 status unpacked libgcc-14-dev:arm64 14.2.0-19
2026-05-19 23:47:26 status half-configured libgcc-14-dev:arm64 14.2.0-19
2026-05-19 23:47:26 status installed libgcc-14-dev:arm64 14.2.0-19
2026-05-19 23:47:26 configure gpg:arm64 2.4.7-21+deb13u1+b3 <none>
2026-05-19 23:47:26 status unpacked gpg:arm64 2.4.7-21+deb13u1+b3
2026-05-19 23:47:26 status half-configured gpg:arm64 2.4.7-21+deb13u1+b3
2026-05-19 23:47:26 status installed gpg:arm64 2.4.7-21+deb13u1+b3
2026-05-19 23:47:26 configure libbz2-dev:arm64 1.0.8-6 <none>
2026-05-19 23:47:26 status unpacked libbz2-dev:arm64 1.0.8-6
2026-05-19 23:47:26 status half-configured libbz2-dev:arm64 1.0.8-6
2026-05-19 23:47:26 status installed libbz2-dev:arm64 1.0.8-6
2026-05-19 23:47:26 configure libgnutls30t64:arm64 3.8.9-3+deb13u4 <none>
2026-05-19 23:47:26 status unpacked libgnutls30t64:arm64 3.8.9-3+deb13u4
2026-05-19 23:47:26 status half-configured libgnutls30t64:arm64 3.8.9-3+deb13u4
2026-05-19 23:47:26 status installed libgnutls30t64:arm64 3.8.9-3+deb13u4
2026-05-19 23:47:26 configure libxft2:arm64 2.3.6-1+b4 <none>
2026-05-19 23:47:26 status unpacked libxft2:arm64 2.3.6-1+b4
2026-05-19 23:47:26 status half-configured libxft2:arm64 2.3.6-1+b4
2026-05-19 23:47:26 status installed libxft2:arm64 2.3.6-1+b4
2026-05-19 23:47:26 configure libncurses-dev:arm64 6.5+20250216-2 <none>
2026-05-19 23:47:26 status unpacked libncurses-dev:arm64 6.5+20250216-2
2026-05-19 23:47:26 status half-configured libncurses-dev:arm64 6.5+20250216-2
2026-05-19 23:47:26 status installed libncurses-dev:arm64 6.5+20250216-2
2026-05-19 23:47:26 configure gpg-agent:arm64 2.4.7-21+deb13u1+b3 <none>
2026-05-19 23:47:26 status unpacked gpg-agent:arm64 2.4.7-21+deb13u1+b3
2026-05-19 23:47:26 status half-configured gpg-agent:arm64 2.4.7-21+deb13u1+b3
2026-05-19 23:47:26 status installed gpg-agent:arm64 2.4.7-21+deb13u1+b3
2026-05-19 23:47:26 configure libxcb1-dev:arm64 1.17.0-2+b1 <none>
2026-05-19 23:47:26 status unpacked libxcb1-dev:arm64 1.17.0-2+b1
2026-05-19 23:47:27 status half-configured libxcb1-dev:arm64 1.17.0-2+b1
2026-05-19 23:47:27 status installed libxcb1-dev:arm64 1.17.0-2+b1
2026-05-19 23:47:27 configure libtk8.6:arm64 8.6.16-1 <none>
2026-05-19 23:47:27 status unpacked libtk8.6:arm64 8.6.16-1
2026-05-19 23:47:27 status half-configured libtk8.6:arm64 8.6.16-1
2026-05-19 23:47:27 status installed libtk8.6:arm64 8.6.16-1
2026-05-19 23:47:27 configure gpgsm:arm64 2.4.7-21+deb13u1+b3 <none>
2026-05-19 23:47:27 status unpacked gpgsm:arm64 2.4.7-21+deb13u1+b3
2026-05-19 23:47:27 status half-configured gpgsm:arm64 2.4.7-21+deb13u1+b3
2026-05-19 23:47:27 status installed gpgsm:arm64 2.4.7-21+deb13u1+b3
2026-05-19 23:47:27 configure libpsl5t64:arm64 0.21.2-1.1+b1 <none>
2026-05-19 23:47:27 status unpacked libpsl5t64:arm64 0.21.2-1.1+b1
2026-05-19 23:47:27 status half-configured libpsl5t64:arm64 0.21.2-1.1+b1
2026-05-19 23:47:27 status installed libpsl5t64:arm64 0.21.2-1.1+b1
2026-05-19 23:47:27 configure libx11-dev:arm64 2:1.8.12-1 <none>
2026-05-19 23:47:27 status unpacked libx11-dev:arm64 2:1.8.12-1
2026-05-19 23:47:27 status half-configured libx11-dev:arm64 2:1.8.12-1
2026-05-19 23:47:27 status installed libx11-dev:arm64 2:1.8.12-1
2026-05-19 23:47:27 configure binutils:arm64 2.44-3 <none>
2026-05-19 23:47:27 status unpacked binutils:arm64 2.44-3
2026-05-19 23:47:27 status half-configured binutils:arm64 2.44-3
2026-05-19 23:47:27 status installed binutils:arm64 2.44-3
2026-05-19 23:47:27 configure libreadline-dev:arm64 8.2-6 <none>
2026-05-19 23:47:27 status unpacked libreadline-dev:arm64 8.2-6
2026-05-19 23:47:27 status half-configured libreadline-dev:arm64 8.2-6
2026-05-19 23:47:27 status installed libreadline-dev:arm64 8.2-6
2026-05-19 23:47:27 configure dpkg-dev:all 1.22.22 <none>
2026-05-19 23:47:27 status unpacked dpkg-dev:all 1.22.22
2026-05-19 23:47:27 status half-configured dpkg-dev:all 1.22.22
2026-05-19 23:47:27 status installed dpkg-dev:all 1.22.22
2026-05-19 23:47:27 configure dirmngr:arm64 2.4.7-21+deb13u1+b3 <none>
2026-05-19 23:47:27 status unpacked dirmngr:arm64 2.4.7-21+deb13u1+b3
2026-05-19 23:47:27 status half-configured dirmngr:arm64 2.4.7-21+deb13u1+b3
2026-05-19 23:47:27 status installed dirmngr:arm64 2.4.7-21+deb13u1+b3
2026-05-19 23:47:27 configure cpp-aarch64-linux-gnu:arm64 4:14.2.0-1 <none>
2026-05-19 23:47:27 status unpacked cpp-aarch64-linux-gnu:arm64 4:14.2.0-1
2026-05-19 23:47:27 status half-configured cpp-aarch64-linux-gnu:arm64 4:14.2.0-1
2026-05-19 23:47:27 status installed cpp-aarch64-linux-gnu:arm64 4:14.2.0-1
2026-05-19 23:47:27 configure libexpat1-dev:arm64 2.7.1-2 <none>
2026-05-19 23:47:27 status unpacked libexpat1-dev:arm64 2.7.1-2
2026-05-19 23:47:27 status half-configured libexpat1-dev:arm64 2.7.1-2
2026-05-19 23:47:27 status installed libexpat1-dev:arm64 2.7.1-2
2026-05-19 23:47:27 configure libsqlite3-dev:arm64 3.46.1-7+deb13u1 <none>
2026-05-19 23:47:27 status unpacked libsqlite3-dev:arm64 3.46.1-7+deb13u1
2026-05-19 23:47:27 status half-configured libsqlite3-dev:arm64 3.46.1-7+deb13u1
2026-05-19 23:47:27 status installed libsqlite3-dev:arm64 3.46.1-7+deb13u1
2026-05-19 23:47:27 configure uuid-dev:arm64 2.41-5 <none>
2026-05-19 23:47:27 status unpacked uuid-dev:arm64 2.41-5
2026-05-19 23:47:27 status half-configured uuid-dev:arm64 2.41-5
2026-05-19 23:47:27 status installed uuid-dev:arm64 2.41-5
2026-05-19 23:47:27 configure libbluetooth-dev:arm64 5.82-1.1 <none>
2026-05-19 23:47:27 status unpacked libbluetooth-dev:arm64 5.82-1.1
2026-05-19 23:47:27 status half-configured libbluetooth-dev:arm64 5.82-1.1
2026-05-19 23:47:27 status installed libbluetooth-dev:arm64 5.82-1.1
2026-05-19 23:47:27 configure cpp-14:arm64 14.2.0-19 <none>
2026-05-19 23:47:27 status unpacked cpp-14:arm64 14.2.0-19
2026-05-19 23:47:27 status half-configured cpp-14:arm64 14.2.0-19
2026-05-19 23:47:27 status installed cpp-14:arm64 14.2.0-19
2026-05-19 23:47:27 configure libxext-dev:arm64 2:1.3.4-1+b3 <none>
2026-05-19 23:47:27 status unpacked libxext-dev:arm64 2:1.3.4-1+b3
2026-05-19 23:47:27 status half-configured libxext-dev:arm64 2:1.3.4-1+b3
2026-05-19 23:47:27 status installed libxext-dev:arm64 2:1.3.4-1+b3
2026-05-19 23:47:27 configure zlib1g-dev:arm64 1:1.3.dfsg+really1.3.1-1+b1 <none>
2026-05-19 23:47:27 status unpacked zlib1g-dev:arm64 1:1.3.dfsg+really1.3.1-1+b1
2026-05-19 23:47:27 status half-configured zlib1g-dev:arm64 1:1.3.dfsg+really1.3.1-1+b1
2026-05-19 23:47:27 status installed zlib1g-dev:arm64 1:1.3.dfsg+really1.3.1-1+b1
2026-05-19 23:47:27 configure cpp:arm64 4:14.2.0-1 <none>
2026-05-19 23:47:27 status unpacked cpp:arm64 4:14.2.0-1
2026-05-19 23:47:27 status half-configured cpp:arm64 4:14.2.0-1
2026-05-19 23:47:27 status installed cpp:arm64 4:14.2.0-1
2026-05-19 23:47:27 configure gnupg:all 2.4.7-21+deb13u1 <none>
2026-05-19 23:47:27 status unpacked gnupg:all 2.4.7-21+deb13u1
2026-05-19 23:47:27 status half-configured gnupg:all 2.4.7-21+deb13u1
2026-05-19 23:47:27 status installed gnupg:all 2.4.7-21+deb13u1
2026-05-19 23:47:27 configure gcc-14-aarch64-linux-gnu:arm64 14.2.0-19 <none>
2026-05-19 23:47:27 status unpacked gcc-14-aarch64-linux-gnu:arm64 14.2.0-19
2026-05-19 23:47:27 status half-configured gcc-14-aarch64-linux-gnu:arm64 14.2.0-19
2026-05-19 23:47:27 status installed gcc-14-aarch64-linux-gnu:arm64 14.2.0-19
2026-05-19 23:47:27 configure libxrender-dev:arm64 1:0.9.12-1 <none>
2026-05-19 23:47:27 status unpacked libxrender-dev:arm64 1:0.9.12-1
2026-05-19 23:47:27 status half-configured libxrender-dev:arm64 1:0.9.12-1
2026-05-19 23:47:27 status installed libxrender-dev:arm64 1:0.9.12-1
2026-05-19 23:47:27 configure tk8.6:arm64 8.6.16-1 <none>
2026-05-19 23:47:27 status unpacked tk8.6:arm64 8.6.16-1
2026-05-19 23:47:27 status half-configured tk8.6:arm64 8.6.16-1
2026-05-19 23:47:27 status installed tk8.6:arm64 8.6.16-1
2026-05-19 23:47:27 configure gcc-aarch64-linux-gnu:arm64 4:14.2.0-1 <none>
2026-05-19 23:47:27 status unpacked gcc-aarch64-linux-gnu:arm64 4:14.2.0-1
2026-05-19 23:47:27 status half-configured gcc-aarch64-linux-gnu:arm64 4:14.2.0-1
2026-05-19 23:47:27 status installed gcc-aarch64-linux-gnu:arm64 4:14.2.0-1
2026-05-19 23:47:27 configure wget:arm64 1.25.0-2 <none>
2026-05-19 23:47:27 status unpacked wget:arm64 1.25.0-2
2026-05-19 23:47:27 status half-configured wget:arm64 1.25.0-2
2026-05-19 23:47:27 status installed wget:arm64 1.25.0-2
2026-05-19 23:47:27 configure tcl8.6-dev:arm64 8.6.16+dfsg-1 <none>
2026-05-19 23:47:27 status unpacked tcl8.6-dev:arm64 8.6.16+dfsg-1
2026-05-19 23:47:27 status half-configured tcl8.6-dev:arm64 8.6.16+dfsg-1
2026-05-19 23:47:27 status installed tcl8.6-dev:arm64 8.6.16+dfsg-1
2026-05-19 23:47:27 configure libpng-dev:arm64 1.6.48-1+deb13u5 <none>
2026-05-19 23:47:27 status unpacked libpng-dev:arm64 1.6.48-1+deb13u5
2026-05-19 23:47:27 status half-configured libpng-dev:arm64 1.6.48-1+deb13u5
2026-05-19 23:47:27 status installed libpng-dev:arm64 1.6.48-1+deb13u5
2026-05-19 23:47:27 configure libxss-dev:arm64 1:1.2.3-1+b3 <none>
2026-05-19 23:47:27 status unpacked libxss-dev:arm64 1:1.2.3-1+b3
2026-05-19 23:47:27 status half-configured libxss-dev:arm64 1:1.2.3-1+b3
2026-05-19 23:47:27 status installed libxss-dev:arm64 1:1.2.3-1+b3
2026-05-19 23:47:27 configure gcc-14:arm64 14.2.0-19 <none>
2026-05-19 23:47:27 status unpacked gcc-14:arm64 14.2.0-19
2026-05-19 23:47:27 status half-configured gcc-14:arm64 14.2.0-19
2026-05-19 23:47:27 status installed gcc-14:arm64 14.2.0-19
2026-05-19 23:47:27 configure libfreetype-dev:arm64 2.13.3+dfsg-1+deb13u1 <none>
2026-05-19 23:47:27 status unpacked libfreetype-dev:arm64 2.13.3+dfsg-1+deb13u1
2026-05-19 23:47:27 status half-configured libfreetype-dev:arm64 2.13.3+dfsg-1+deb13u1
2026-05-19 23:47:27 status installed libfreetype-dev:arm64 2.13.3+dfsg-1+deb13u1
2026-05-19 23:47:27 configure tcl-dev:arm64 8.6.16 <none>
2026-05-19 23:47:27 status unpacked tcl-dev:arm64 8.6.16
2026-05-19 23:47:27 status half-configured tcl-dev:arm64 8.6.16
2026-05-19 23:47:27 status installed tcl-dev:arm64 8.6.16
2026-05-19 23:47:27 configure tk:arm64 8.6.16 <none>
2026-05-19 23:47:27 status unpacked tk:arm64 8.6.16
2026-05-19 23:47:27 status half-configured tk:arm64 8.6.16
2026-05-19 23:47:27 status installed tk:arm64 8.6.16
2026-05-19 23:47:27 configure libfontconfig-dev:arm64 2.15.0-2.3 <none>
2026-05-19 23:47:27 status unpacked libfontconfig-dev:arm64 2.15.0-2.3
2026-05-19 23:47:27 status half-configured libfontconfig-dev:arm64 2.15.0-2.3
2026-05-19 23:47:27 status installed libfontconfig-dev:arm64 2.15.0-2.3
2026-05-19 23:47:27 configure gcc:arm64 4:14.2.0-1 <none>
2026-05-19 23:47:27 status unpacked gcc:arm64 4:14.2.0-1
2026-05-19 23:47:27 status half-configured gcc:arm64 4:14.2.0-1
2026-05-19 23:47:27 status installed gcc:arm64 4:14.2.0-1
2026-05-19 23:47:27 configure libxft-dev:arm64 2.3.6-1+b4 <none>
2026-05-19 23:47:27 status unpacked libxft-dev:arm64 2.3.6-1+b4
2026-05-19 23:47:27 status half-configured libxft-dev:arm64 2.3.6-1+b4
2026-05-19 23:47:27 status installed libxft-dev:arm64 2.3.6-1+b4
2026-05-19 23:47:27 configure libfontconfig1-dev:arm64 2.15.0-2.3 <none>
2026-05-19 23:47:27 status unpacked libfontconfig1-dev:arm64 2.15.0-2.3
2026-05-19 23:47:27 status half-configured libfontconfig1-dev:arm64 2.15.0-2.3
2026-05-19 23:47:27 status installed libfontconfig1-dev:arm64 2.15.0-2.3
2026-05-19 23:47:27 configure tk8.6-dev:arm64 8.6.16-1 <none>
2026-05-19 23:47:27 status unpacked tk8.6-dev:arm64 8.6.16-1
2026-05-19 23:47:27 status half-configured tk8.6-dev:arm64 8.6.16-1
2026-05-19 23:47:27 status installed tk8.6-dev:arm64 8.6.16-1
2026-05-19 23:47:27 configure tk-dev:arm64 8.6.16 <none>
2026-05-19 23:47:27 status unpacked tk-dev:arm64 8.6.16
2026-05-19 23:47:27 status half-configured tk-dev:arm64 8.6.16
2026-05-19 23:47:27 status installed tk-dev:arm64 8.6.16
2026-05-19 23:47:27 trigproc libc-bin:arm64 2.41-12+deb13u3 <none>
2026-05-19 23:47:27 status half-configured libc-bin:arm64 2.41-12+deb13u3
2026-05-19 23:47:27 status installed libc-bin:arm64 2.41-12+deb13u3
2026-05-19 23:58:38 startup packages remove
2026-05-19 23:58:38 status installed gcc:arm64 4:14.2.0-1
2026-05-19 23:58:38 remove gcc:arm64 4:14.2.0-1 <none>
2026-05-19 23:58:38 status half-configured gcc:arm64 4:14.2.0-1
2026-05-19 23:58:38 status half-installed gcc:arm64 4:14.2.0-1
2026-05-19 23:58:38 status config-files gcc:arm64 4:14.2.0-1
2026-05-19 23:58:38 status not-installed gcc:arm64 <none>
2026-05-19 23:58:38 status installed gcc-14:arm64 14.2.0-19
2026-05-19 23:58:38 remove gcc-14:arm64 14.2.0-19 <none>
2026-05-19 23:58:38 status half-configured gcc-14:arm64 14.2.0-19
2026-05-19 23:58:38 status half-installed gcc-14:arm64 14.2.0-19
2026-05-19 23:58:38 status config-files gcc-14:arm64 14.2.0-19
2026-05-19 23:58:38 status not-installed gcc-14:arm64 <none>
2026-05-19 23:58:38 status installed tk-dev:arm64 8.6.16
2026-05-19 23:58:38 remove tk-dev:arm64 8.6.16 <none>
2026-05-19 23:58:38 status half-configured tk-dev:arm64 8.6.16
2026-05-19 23:58:38 status half-installed tk-dev:arm64 8.6.16
2026-05-19 23:58:38 status config-files tk-dev:arm64 8.6.16
2026-05-19 23:58:38 status not-installed tk-dev:arm64 <none>
2026-05-19 23:58:38 status installed tk8.6-dev:arm64 8.6.16-1
2026-05-19 23:58:38 remove tk8.6-dev:arm64 8.6.16-1 <none>
2026-05-19 23:58:38 status half-configured tk8.6-dev:arm64 8.6.16-1
2026-05-19 23:58:38 status half-installed tk8.6-dev:arm64 8.6.16-1
2026-05-19 23:58:38 status config-files tk8.6-dev:arm64 8.6.16-1
2026-05-19 23:58:38 status not-installed tk8.6-dev:arm64 <none>
2026-05-19 23:58:38 status installed dpkg-dev:all 1.22.22
2026-05-19 23:58:38 status installed binutils:arm64 2.44-3
2026-05-19 23:58:38 status installed gcc-aarch64-linux-gnu:arm64 4:14.2.0-1
2026-05-19 23:58:38 remove gcc-aarch64-linux-gnu:arm64 4:14.2.0-1 <none>
2026-05-19 23:58:38 status half-configured gcc-aarch64-linux-gnu:arm64 4:14.2.0-1
2026-05-19 23:58:38 status half-installed gcc-aarch64-linux-gnu:arm64 4:14.2.0-1
2026-05-19 23:58:38 status config-files gcc-aarch64-linux-gnu:arm64 4:14.2.0-1
2026-05-19 23:58:38 status not-installed gcc-aarch64-linux-gnu:arm64 <none>
2026-05-19 23:58:38 status installed gcc-14-aarch64-linux-gnu:arm64 14.2.0-19
2026-05-19 23:58:38 remove gcc-14-aarch64-linux-gnu:arm64 14.2.0-19 <none>
2026-05-19 23:58:38 status half-configured gcc-14-aarch64-linux-gnu:arm64 14.2.0-19
2026-05-19 23:58:38 status half-installed gcc-14-aarch64-linux-gnu:arm64 14.2.0-19
2026-05-19 23:58:38 status config-files gcc-14-aarch64-linux-gnu:arm64 14.2.0-19
2026-05-19 23:58:38 status not-installed gcc-14-aarch64-linux-gnu:arm64 <none>
2026-05-19 23:58:38 status installed binutils-aarch64-linux-gnu:arm64 2.44-3
2026-05-19 23:58:38 status installed libgprofng0:arm64 2.44-3
2026-05-19 23:58:38 status installed libctf0:arm64 2.44-3
2026-05-19 23:58:38 status installed libbinutils:arm64 2.44-3
2026-05-19 23:58:38 status installed binutils-common:arm64 2.44-3
2026-05-19 23:58:38 status installed bzip2:arm64 1.0.8-6
2026-05-19 23:58:38 status installed cpp:arm64 4:14.2.0-1
2026-05-19 23:58:38 remove cpp:arm64 4:14.2.0-1 <none>
2026-05-19 23:58:38 status half-configured cpp:arm64 4:14.2.0-1
2026-05-19 23:58:38 status half-installed cpp:arm64 4:14.2.0-1
2026-05-19 23:58:38 status config-files cpp:arm64 4:14.2.0-1
2026-05-19 23:58:38 status installed cpp-14:arm64 14.2.0-19
2026-05-19 23:58:38 remove cpp-14:arm64 14.2.0-19 <none>
2026-05-19 23:58:38 status half-configured cpp-14:arm64 14.2.0-19
2026-05-19 23:58:38 status half-installed cpp-14:arm64 14.2.0-19
2026-05-19 23:58:38 status config-files cpp-14:arm64 14.2.0-19
2026-05-19 23:58:38 status not-installed cpp-14:arm64 <none>
2026-05-19 23:58:38 status installed cpp-aarch64-linux-gnu:arm64 4:14.2.0-1
2026-05-19 23:58:38 remove cpp-aarch64-linux-gnu:arm64 4:14.2.0-1 <none>
2026-05-19 23:58:38 status half-configured cpp-aarch64-linux-gnu:arm64 4:14.2.0-1
2026-05-19 23:58:38 status half-installed cpp-aarch64-linux-gnu:arm64 4:14.2.0-1
2026-05-19 23:58:38 status config-files cpp-aarch64-linux-gnu:arm64 4:14.2.0-1
2026-05-19 23:58:38 status not-installed cpp-aarch64-linux-gnu:arm64 <none>
2026-05-19 23:58:38 status installed cpp-14-aarch64-linux-gnu:arm64 14.2.0-19
2026-05-19 23:58:38 remove cpp-14-aarch64-linux-gnu:arm64 14.2.0-19 <none>
2026-05-19 23:58:38 status half-configured cpp-14-aarch64-linux-gnu:arm64 14.2.0-19
2026-05-19 23:58:38 status half-installed cpp-14-aarch64-linux-gnu:arm64 14.2.0-19
2026-05-19 23:58:38 status config-files cpp-14-aarch64-linux-gnu:arm64 14.2.0-19
2026-05-19 23:58:38 status not-installed cpp-14-aarch64-linux-gnu:arm64 <none>
2026-05-19 23:58:38 status installed gnupg:all 2.4.7-21+deb13u1
2026-05-19 23:58:38 remove gnupg:all 2.4.7-21+deb13u1 <none>
2026-05-19 23:58:38 status half-configured gnupg:all 2.4.7-21+deb13u1
2026-05-19 23:58:38 status half-installed gnupg:all 2.4.7-21+deb13u1
2026-05-19 23:58:38 status config-files gnupg:all 2.4.7-21+deb13u1
2026-05-19 23:58:38 status not-installed gnupg:all <none>
2026-05-19 23:58:38 status installed dirmngr:arm64 2.4.7-21+deb13u1+b3
2026-05-19 23:58:38 remove dirmngr:arm64 2.4.7-21+deb13u1+b3 <none>
2026-05-19 23:58:38 status half-configured dirmngr:arm64 2.4.7-21+deb13u1+b3
2026-05-19 23:58:38 status half-installed dirmngr:arm64 2.4.7-21+deb13u1+b3
2026-05-19 23:58:38 status config-files dirmngr:arm64 2.4.7-21+deb13u1+b3
2026-05-19 23:58:38 status installed libxft-dev:arm64 2.3.6-1+b4
2026-05-19 23:58:38 remove libxft-dev:arm64 2.3.6-1+b4 <none>
2026-05-19 23:58:38 status half-configured libxft-dev:arm64 2.3.6-1+b4
2026-05-19 23:58:38 status half-installed libxft-dev:arm64 2.3.6-1+b4
2026-05-19 23:58:38 status config-files libxft-dev:arm64 2.3.6-1+b4
2026-05-19 23:58:38 status not-installed libxft-dev:arm64 <none>
2026-05-19 23:58:38 status installed tk:arm64 8.6.16
2026-05-19 23:58:38 remove tk:arm64 8.6.16 <none>
2026-05-19 23:58:38 status half-configured tk:arm64 8.6.16
2026-05-19 23:58:39 status half-installed tk:arm64 8.6.16
2026-05-19 23:58:39 status config-files tk:arm64 8.6.16
2026-05-19 23:58:39 status not-installed tk:arm64 <none>
2026-05-19 23:58:39 status installed tk8.6:arm64 8.6.16-1
2026-05-19 23:58:39 remove tk8.6:arm64 8.6.16-1 <none>
2026-05-19 23:58:39 status half-configured tk8.6:arm64 8.6.16-1
2026-05-19 23:58:39 status half-installed tk8.6:arm64 8.6.16-1
2026-05-19 23:58:39 status config-files tk8.6:arm64 8.6.16-1
2026-05-19 23:58:39 status not-installed tk8.6:arm64 <none>
2026-05-19 23:58:39 status installed libtk8.6:arm64 8.6.16-1
2026-05-19 23:58:39 remove libtk8.6:arm64 8.6.16-1 <none>
2026-05-19 23:58:39 status triggers-pending libc-bin:arm64 2.41-12+deb13u3
2026-05-19 23:58:39 status half-configured libtk8.6:arm64 8.6.16-1
2026-05-19 23:58:39 status half-installed libtk8.6:arm64 8.6.16-1
2026-05-19 23:58:39 status config-files libtk8.6:arm64 8.6.16-1
2026-05-19 23:58:39 status not-installed libtk8.6:arm64 <none>
2026-05-19 23:58:39 status installed libxft2:arm64 2.3.6-1+b4
2026-05-19 23:58:39 remove libxft2:arm64 2.3.6-1+b4 <none>
2026-05-19 23:58:39 status half-configured libxft2:arm64 2.3.6-1+b4
2026-05-19 23:58:39 status half-installed libxft2:arm64 2.3.6-1+b4
2026-05-19 23:58:39 status config-files libxft2:arm64 2.3.6-1+b4
2026-05-19 23:58:39 status not-installed libxft2:arm64 <none>
2026-05-19 23:58:39 status installed libfontconfig1-dev:arm64 2.15.0-2.3
2026-05-19 23:58:39 remove libfontconfig1-dev:arm64 2.15.0-2.3 <none>
2026-05-19 23:58:39 status half-configured libfontconfig1-dev:arm64 2.15.0-2.3
2026-05-19 23:58:39 status half-installed libfontconfig1-dev:arm64 2.15.0-2.3
2026-05-19 23:58:39 status config-files libfontconfig1-dev:arm64 2.15.0-2.3
2026-05-19 23:58:39 status not-installed libfontconfig1-dev:arm64 <none>
2026-05-19 23:58:39 status installed libfontconfig-dev:arm64 2.15.0-2.3
2026-05-19 23:58:39 remove libfontconfig-dev:arm64 2.15.0-2.3 <none>
2026-05-19 23:58:39 status half-configured libfontconfig-dev:arm64 2.15.0-2.3
2026-05-19 23:58:39 status half-installed libfontconfig-dev:arm64 2.15.0-2.3
2026-05-19 23:58:39 status config-files libfontconfig-dev:arm64 2.15.0-2.3
2026-05-19 23:58:39 status not-installed libfontconfig-dev:arm64 <none>
2026-05-19 23:58:39 status installed libfontconfig1:arm64 2.15.0-2.3
2026-05-19 23:58:39 remove libfontconfig1:arm64 2.15.0-2.3 <none>
2026-05-19 23:58:39 status half-configured libfontconfig1:arm64 2.15.0-2.3
2026-05-19 23:58:39 status half-installed libfontconfig1:arm64 2.15.0-2.3
2026-05-19 23:58:39 status config-files libfontconfig1:arm64 2.15.0-2.3
2026-05-19 23:58:39 status not-installed libfontconfig1:arm64 <none>
2026-05-19 23:58:39 status installed fontconfig-config:arm64 2.15.0-2.3
2026-05-19 23:58:39 remove fontconfig-config:arm64 2.15.0-2.3 <none>
2026-05-19 23:58:39 status half-configured fontconfig-config:arm64 2.15.0-2.3
2026-05-19 23:58:39 status half-installed fontconfig-config:arm64 2.15.0-2.3
2026-05-19 23:58:39 status config-files fontconfig-config:arm64 2.15.0-2.3
2026-05-19 23:58:39 status installed fonts-dejavu-core:all 2.37-8
2026-05-19 23:58:39 remove fonts-dejavu-core:all 2.37-8 <none>
2026-05-19 23:58:39 status half-configured fonts-dejavu-core:all 2.37-8
2026-05-19 23:58:39 status half-installed fonts-dejavu-core:all 2.37-8
2026-05-19 23:58:39 status config-files fonts-dejavu-core:all 2.37-8
2026-05-19 23:58:39 status installed fonts-dejavu-mono:all 2.37-8
2026-05-19 23:58:39 remove fonts-dejavu-mono:all 2.37-8 <none>
2026-05-19 23:58:39 status half-configured fonts-dejavu-mono:all 2.37-8
2026-05-19 23:58:39 status half-installed fonts-dejavu-mono:all 2.37-8
2026-05-19 23:58:39 status config-files fonts-dejavu-mono:all 2.37-8
2026-05-19 23:58:39 status installed gnupg-l10n:all 2.4.7-21+deb13u1
2026-05-19 23:58:39 remove gnupg-l10n:all 2.4.7-21+deb13u1 <none>
2026-05-19 23:58:39 status half-configured gnupg-l10n:all 2.4.7-21+deb13u1
2026-05-19 23:58:39 status half-installed gnupg-l10n:all 2.4.7-21+deb13u1
2026-05-19 23:58:39 status config-files gnupg-l10n:all 2.4.7-21+deb13u1
2026-05-19 23:58:39 status not-installed gnupg-l10n:all <none>
2026-05-19 23:58:39 status installed gpg:arm64 2.4.7-21+deb13u1+b3
2026-05-19 23:58:39 remove gpg:arm64 2.4.7-21+deb13u1+b3 <none>
2026-05-19 23:58:39 status half-configured gpg:arm64 2.4.7-21+deb13u1+b3
2026-05-19 23:58:39 status half-installed gpg:arm64 2.4.7-21+deb13u1+b3
2026-05-19 23:58:39 status config-files gpg:arm64 2.4.7-21+deb13u1+b3
2026-05-19 23:58:39 status installed gpg-agent:arm64 2.4.7-21+deb13u1+b3
2026-05-19 23:58:39 remove gpg-agent:arm64 2.4.7-21+deb13u1+b3 <none>
2026-05-19 23:58:39 status half-configured gpg-agent:arm64 2.4.7-21+deb13u1+b3
2026-05-19 23:58:39 status half-installed gpg-agent:arm64 2.4.7-21+deb13u1+b3
2026-05-19 23:58:39 status config-files gpg-agent:arm64 2.4.7-21+deb13u1+b3
2026-05-19 23:58:39 status installed gpgsm:arm64 2.4.7-21+deb13u1+b3
2026-05-19 23:58:39 remove gpgsm:arm64 2.4.7-21+deb13u1+b3 <none>
2026-05-19 23:58:39 status half-configured gpgsm:arm64 2.4.7-21+deb13u1+b3
2026-05-19 23:58:39 status half-installed gpgsm:arm64 2.4.7-21+deb13u1+b3
2026-05-19 23:58:39 status config-files gpgsm:arm64 2.4.7-21+deb13u1+b3
2026-05-19 23:58:39 status not-installed gpgsm:arm64 <none>
2026-05-19 23:58:39 status installed gpgconf:arm64 2.4.7-21+deb13u1+b3
2026-05-19 23:58:39 remove gpgconf:arm64 2.4.7-21+deb13u1+b3 <none>
2026-05-19 23:58:39 status half-configured gpgconf:arm64 2.4.7-21+deb13u1+b3
2026-05-19 23:58:39 status half-installed gpgconf:arm64 2.4.7-21+deb13u1+b3
2026-05-19 23:58:39 status config-files gpgconf:arm64 2.4.7-21+deb13u1+b3
2026-05-19 23:58:39 status not-installed gpgconf:arm64 <none>
2026-05-19 23:58:39 status installed libgcc-14-dev:arm64 14.2.0-19
2026-05-19 23:58:39 remove libgcc-14-dev:arm64 14.2.0-19 <none>
2026-05-19 23:58:39 status half-configured libgcc-14-dev:arm64 14.2.0-19
2026-05-19 23:58:39 status half-installed libgcc-14-dev:arm64 14.2.0-19
2026-05-19 23:58:39 status config-files libgcc-14-dev:arm64 14.2.0-19
2026-05-19 23:58:39 status not-installed libgcc-14-dev:arm64 <none>
2026-05-19 23:58:39 status installed libasan8:arm64 14.2.0-19
2026-05-19 23:58:39 remove libasan8:arm64 14.2.0-19 <none>
2026-05-19 23:58:39 status half-configured libasan8:arm64 14.2.0-19
2026-05-19 23:58:39 status half-installed libasan8:arm64 14.2.0-19
2026-05-19 23:58:39 status config-files libasan8:arm64 14.2.0-19
2026-05-19 23:58:39 status not-installed libasan8:arm64 <none>
2026-05-19 23:58:39 status installed pinentry-curses:arm64 1.3.1-2
2026-05-19 23:58:39 remove pinentry-curses:arm64 1.3.1-2 <none>
2026-05-19 23:58:39 status half-configured pinentry-curses:arm64 1.3.1-2
2026-05-19 23:58:39 status half-installed pinentry-curses:arm64 1.3.1-2
2026-05-19 23:58:39 status config-files pinentry-curses:arm64 1.3.1-2
2026-05-19 23:58:39 status not-installed pinentry-curses:arm64 <none>
2026-05-19 23:58:39 status installed libassuan9:arm64 3.0.2-2
2026-05-19 23:58:39 remove libassuan9:arm64 3.0.2-2 <none>
2026-05-19 23:58:39 status half-configured libassuan9:arm64 3.0.2-2
2026-05-19 23:58:39 status half-installed libassuan9:arm64 3.0.2-2
2026-05-19 23:58:39 status config-files libassuan9:arm64 3.0.2-2
2026-05-19 23:58:39 status not-installed libassuan9:arm64 <none>
2026-05-19 23:58:39 status installed libatomic1:arm64 14.2.0-19
2026-05-19 23:58:39 remove libatomic1:arm64 14.2.0-19 <none>
2026-05-19 23:58:39 status half-configured libatomic1:arm64 14.2.0-19
2026-05-19 23:58:39 status half-installed libatomic1:arm64 14.2.0-19
2026-05-19 23:58:39 status config-files libatomic1:arm64 14.2.0-19
2026-05-19 23:58:39 status not-installed libatomic1:arm64 <none>
2026-05-19 23:58:39 status installed libbluetooth-dev:arm64 5.82-1.1
2026-05-19 23:58:39 remove libbluetooth-dev:arm64 5.82-1.1 <none>
2026-05-19 23:58:39 status half-configured libbluetooth-dev:arm64 5.82-1.1
2026-05-19 23:58:39 status half-installed libbluetooth-dev:arm64 5.82-1.1
2026-05-19 23:58:39 status config-files libbluetooth-dev:arm64 5.82-1.1
2026-05-19 23:58:39 status not-installed libbluetooth-dev:arm64 <none>
2026-05-19 23:58:39 status installed libbluetooth3:arm64 5.82-1.1
2026-05-19 23:58:39 remove libbluetooth3:arm64 5.82-1.1 <none>
2026-05-19 23:58:39 status half-configured libbluetooth3:arm64 5.82-1.1
2026-05-19 23:58:39 status half-installed libbluetooth3:arm64 5.82-1.1
2026-05-19 23:58:39 status config-files libbluetooth3:arm64 5.82-1.1
2026-05-19 23:58:40 status not-installed libbluetooth3:arm64 <none>
2026-05-19 23:58:40 status installed libfreetype-dev:arm64 2.13.3+dfsg-1+deb13u1
2026-05-19 23:58:40 remove libfreetype-dev:arm64 2.13.3+dfsg-1+deb13u1 <none>
2026-05-19 23:58:40 status half-configured libfreetype-dev:arm64 2.13.3+dfsg-1+deb13u1
2026-05-19 23:58:40 status half-installed libfreetype-dev:arm64 2.13.3+dfsg-1+deb13u1
2026-05-19 23:58:40 status config-files libfreetype-dev:arm64 2.13.3+dfsg-1+deb13u1
2026-05-19 23:58:40 status not-installed libfreetype-dev:arm64 <none>
2026-05-19 23:58:40 status installed libbrotli-dev:arm64 1.1.0-2+b7
2026-05-19 23:58:40 remove libbrotli-dev:arm64 1.1.0-2+b7 <none>
2026-05-19 23:58:40 status half-configured libbrotli-dev:arm64 1.1.0-2+b7
2026-05-19 23:58:40 status half-installed libbrotli-dev:arm64 1.1.0-2+b7
2026-05-19 23:58:40 status config-files libbrotli-dev:arm64 1.1.0-2+b7
2026-05-19 23:58:40 status not-installed libbrotli-dev:arm64 <none>
2026-05-19 23:58:40 status installed libfreetype6:arm64 2.13.3+dfsg-1+deb13u1
2026-05-19 23:58:40 remove libfreetype6:arm64 2.13.3+dfsg-1+deb13u1 <none>
2026-05-19 23:58:40 status half-configured libfreetype6:arm64 2.13.3+dfsg-1+deb13u1
2026-05-19 23:58:40 status half-installed libfreetype6:arm64 2.13.3+dfsg-1+deb13u1
2026-05-19 23:58:40 status config-files libfreetype6:arm64 2.13.3+dfsg-1+deb13u1
2026-05-19 23:58:40 status not-installed libfreetype6:arm64 <none>
2026-05-19 23:58:40 status installed libbrotli1:arm64 1.1.0-2+b7
2026-05-19 23:58:40 remove libbrotli1:arm64 1.1.0-2+b7 <none>
2026-05-19 23:58:40 status half-configured libbrotli1:arm64 1.1.0-2+b7
2026-05-19 23:58:40 status half-installed libbrotli1:arm64 1.1.0-2+b7
2026-05-19 23:58:40 status config-files libbrotli1:arm64 1.1.0-2+b7
2026-05-19 23:58:40 status not-installed libbrotli1:arm64 <none>
2026-05-19 23:58:40 status installed libbz2-dev:arm64 1.0.8-6
2026-05-19 23:58:40 remove libbz2-dev:arm64 1.0.8-6 <none>
2026-05-19 23:58:40 status half-configured libbz2-dev:arm64 1.0.8-6
2026-05-19 23:58:40 status half-installed libbz2-dev:arm64 1.0.8-6
2026-05-19 23:58:40 status config-files libbz2-dev:arm64 1.0.8-6
2026-05-19 23:58:40 status not-installed libbz2-dev:arm64 <none>
2026-05-19 23:58:40 status installed tcl-dev:arm64 8.6.16
2026-05-19 23:58:40 remove tcl-dev:arm64 8.6.16 <none>
2026-05-19 23:58:40 status half-configured tcl-dev:arm64 8.6.16
2026-05-19 23:58:40 status half-installed tcl-dev:arm64 8.6.16
2026-05-19 23:58:40 status config-files tcl-dev:arm64 8.6.16
2026-05-19 23:58:40 status not-installed tcl-dev:arm64 <none>
2026-05-19 23:58:40 status installed tcl8.6-dev:arm64 8.6.16+dfsg-1
2026-05-19 23:58:40 remove tcl8.6-dev:arm64 8.6.16+dfsg-1 <none>
2026-05-19 23:58:40 status half-configured tcl8.6-dev:arm64 8.6.16+dfsg-1
2026-05-19 23:58:40 status half-installed tcl8.6-dev:arm64 8.6.16+dfsg-1
2026-05-19 23:58:40 status config-files tcl8.6-dev:arm64 8.6.16+dfsg-1
2026-05-19 23:58:40 status not-installed tcl8.6-dev:arm64 <none>
2026-05-19 23:58:40 status installed libpng-dev:arm64 1.6.48-1+deb13u5
2026-05-19 23:58:40 remove libpng-dev:arm64 1.6.48-1+deb13u5 <none>
2026-05-19 23:58:40 status half-configured libpng-dev:arm64 1.6.48-1+deb13u5
2026-05-19 23:58:40 status half-installed libpng-dev:arm64 1.6.48-1+deb13u5
2026-05-19 23:58:40 status config-files libpng-dev:arm64 1.6.48-1+deb13u5
2026-05-19 23:58:40 status not-installed libpng-dev:arm64 <none>
2026-05-19 23:58:40 status installed zlib1g-dev:arm64 1:1.3.dfsg+really1.3.1-1+b1
2026-05-19 23:58:40 remove zlib1g-dev:arm64 1:1.3.dfsg+really1.3.1-1+b1 <none>
2026-05-19 23:58:40 status half-configured zlib1g-dev:arm64 1:1.3.dfsg+really1.3.1-1+b1
2026-05-19 23:58:40 status half-installed zlib1g-dev:arm64 1:1.3.dfsg+really1.3.1-1+b1
2026-05-19 23:58:40 status config-files zlib1g-dev:arm64 1:1.3.dfsg+really1.3.1-1+b1
2026-05-19 23:58:40 status not-installed zlib1g-dev:arm64 <none>
2026-05-19 23:58:40 status installed uuid-dev:arm64 2.41-5
2026-05-19 23:58:40 remove uuid-dev:arm64 2.41-5 <none>
2026-05-19 23:58:40 status half-configured uuid-dev:arm64 2.41-5
2026-05-19 23:58:40 status half-installed uuid-dev:arm64 2.41-5
2026-05-19 23:58:40 status config-files uuid-dev:arm64 2.41-5
2026-05-19 23:58:40 status not-installed uuid-dev:arm64 <none>
2026-05-19 23:58:40 status installed libreadline-dev:arm64 8.2-6
2026-05-19 23:58:40 remove libreadline-dev:arm64 8.2-6 <none>
2026-05-19 23:58:40 status half-configured libreadline-dev:arm64 8.2-6
2026-05-19 23:58:40 status half-installed libreadline-dev:arm64 8.2-6
2026-05-19 23:58:40 status config-files libreadline-dev:arm64 8.2-6
2026-05-19 23:58:40 status not-installed libreadline-dev:arm64 <none>
2026-05-19 23:58:40 status installed libncurses-dev:arm64 6.5+20250216-2
2026-05-19 23:58:40 remove libncurses-dev:arm64 6.5+20250216-2 <none>
2026-05-19 23:58:40 status half-configured libncurses-dev:arm64 6.5+20250216-2
2026-05-19 23:58:40 status half-installed libncurses-dev:arm64 6.5+20250216-2
2026-05-19 23:58:40 status config-files libncurses-dev:arm64 6.5+20250216-2
2026-05-19 23:58:40 status not-installed libncurses-dev:arm64 <none>
2026-05-19 23:58:40 status installed libsqlite3-dev:arm64 3.46.1-7+deb13u1
2026-05-19 23:58:40 remove libsqlite3-dev:arm64 3.46.1-7+deb13u1 <none>
2026-05-19 23:58:40 status half-configured libsqlite3-dev:arm64 3.46.1-7+deb13u1
2026-05-19 23:58:40 status half-installed libsqlite3-dev:arm64 3.46.1-7+deb13u1
2026-05-19 23:58:40 status config-files libsqlite3-dev:arm64 3.46.1-7+deb13u1
2026-05-19 23:58:40 status not-installed libsqlite3-dev:arm64 <none>
2026-05-19 23:58:40 status installed libc6-dev:arm64 2.41-12+deb13u3
2026-05-19 23:58:40 status installed libc-dev-bin:arm64 2.41-12+deb13u3
2026-05-19 23:58:40 status installed libcc1-0:arm64 14.2.0-19
2026-05-19 23:58:40 remove libcc1-0:arm64 14.2.0-19 <none>
2026-05-19 23:58:40 status half-configured libcc1-0:arm64 14.2.0-19
2026-05-19 23:58:40 status half-installed libcc1-0:arm64 14.2.0-19
2026-05-19 23:58:40 status config-files libcc1-0:arm64 14.2.0-19
2026-05-19 23:58:40 status not-installed libcc1-0:arm64 <none>
2026-05-19 23:58:40 status installed libcrypt-dev:arm64 1:4.4.38-1
2026-05-19 23:58:40 status installed libctf-nobfd0:arm64 2.44-3
2026-05-19 23:58:40 status installed libdb-dev:arm64 5.3.4
2026-05-19 23:58:40 remove libdb-dev:arm64 5.3.4 <none>
2026-05-19 23:58:40 status half-configured libdb-dev:arm64 5.3.4
2026-05-19 23:58:40 status half-installed libdb-dev:arm64 5.3.4
2026-05-19 23:58:40 status config-files libdb-dev:arm64 5.3.4
2026-05-19 23:58:40 status not-installed libdb-dev:arm64 <none>
2026-05-19 23:58:40 status installed libdb5.3-dev:arm64 5.3.28+dfsg2-9
2026-05-19 23:58:40 remove libdb5.3-dev:arm64 5.3.28+dfsg2-9 <none>
2026-05-19 23:58:40 status half-configured libdb5.3-dev:arm64 5.3.28+dfsg2-9
2026-05-19 23:58:40 status half-installed libdb5.3-dev:arm64 5.3.28+dfsg2-9
2026-05-19 23:58:40 status config-files libdb5.3-dev:arm64 5.3.28+dfsg2-9
2026-05-19 23:58:40 status not-installed libdb5.3-dev:arm64 <none>
2026-05-19 23:58:40 status installed libdpkg-perl:all 1.22.22
2026-05-19 23:58:40 status installed libexpat1-dev:arm64 2.7.1-2
2026-05-19 23:58:40 remove libexpat1-dev:arm64 2.7.1-2 <none>
2026-05-19 23:58:40 status half-configured libexpat1-dev:arm64 2.7.1-2
2026-05-19 23:58:40 status half-installed libexpat1-dev:arm64 2.7.1-2
2026-05-19 23:58:40 status config-files libexpat1-dev:arm64 2.7.1-2
2026-05-19 23:58:40 status not-installed libexpat1-dev:arm64 <none>
2026-05-19 23:58:40 status installed libexpat1:arm64 2.7.1-2
2026-05-19 23:58:40 remove libexpat1:arm64 2.7.1-2 <none>
2026-05-19 23:58:40 status half-configured libexpat1:arm64 2.7.1-2
2026-05-19 23:58:40 status half-installed libexpat1:arm64 2.7.1-2
2026-05-19 23:58:40 status config-files libexpat1:arm64 2.7.1-2
2026-05-19 23:58:40 status not-installed libexpat1:arm64 <none>
2026-05-19 23:58:40 status installed libffi-dev:arm64 3.4.8-2
2026-05-19 23:58:40 remove libffi-dev:arm64 3.4.8-2 <none>
2026-05-19 23:58:40 status half-configured libffi-dev:arm64 3.4.8-2
2026-05-19 23:58:40 status half-installed libffi-dev:arm64 3.4.8-2
2026-05-19 23:58:40 status config-files libffi-dev:arm64 3.4.8-2
2026-05-19 23:58:40 status not-installed libffi-dev:arm64 <none>
2026-05-19 23:58:40 status installed libgcrypt20:arm64 1.11.0-7
2026-05-19 23:58:40 remove libgcrypt20:arm64 1.11.0-7 <none>
2026-05-19 23:58:40 status half-configured libgcrypt20:arm64 1.11.0-7
2026-05-19 23:58:40 status half-installed libgcrypt20:arm64 1.11.0-7
2026-05-19 23:58:40 status config-files libgcrypt20:arm64 1.11.0-7
2026-05-19 23:58:40 status not-installed libgcrypt20:arm64 <none>
2026-05-19 23:58:40 status installed perl:arm64 5.40.1-6
2026-05-19 23:58:40 status installed libperl5.40:arm64 5.40.1-6
2026-05-19 23:58:40 status installed libgdbm-compat4t64:arm64 1.24-2
2026-05-19 23:58:41 status installed libgdbm-dev:arm64 1.24-2
2026-05-19 23:58:41 remove libgdbm-dev:arm64 1.24-2 <none>
2026-05-19 23:58:41 status half-configured libgdbm-dev:arm64 1.24-2
2026-05-19 23:58:41 status half-installed libgdbm-dev:arm64 1.24-2
2026-05-19 23:58:41 status config-files libgdbm-dev:arm64 1.24-2
2026-05-19 23:58:41 status not-installed libgdbm-dev:arm64 <none>
2026-05-19 23:58:41 status installed wget:arm64 1.25.0-2
2026-05-19 23:58:41 remove wget:arm64 1.25.0-2 <none>
2026-05-19 23:58:41 status half-configured wget:arm64 1.25.0-2
2026-05-19 23:58:41 status half-installed wget:arm64 1.25.0-2
2026-05-19 23:58:41 status config-files wget:arm64 1.25.0-2
2026-05-19 23:58:41 status installed libgnutls30t64:arm64 3.8.9-3+deb13u4
2026-05-19 23:58:41 remove libgnutls30t64:arm64 3.8.9-3+deb13u4 <none>
2026-05-19 23:58:41 status half-configured libgnutls30t64:arm64 3.8.9-3+deb13u4
2026-05-19 23:58:41 status half-installed libgnutls30t64:arm64 3.8.9-3+deb13u4
2026-05-19 23:58:41 status config-files libgnutls30t64:arm64 3.8.9-3+deb13u4
2026-05-19 23:58:41 status not-installed libgnutls30t64:arm64 <none>
2026-05-19 23:58:41 status installed libgomp1:arm64 14.2.0-19
2026-05-19 23:58:41 remove libgomp1:arm64 14.2.0-19 <none>
2026-05-19 23:58:41 status half-configured libgomp1:arm64 14.2.0-19
2026-05-19 23:58:41 status half-installed libgomp1:arm64 14.2.0-19
2026-05-19 23:58:41 status config-files libgomp1:arm64 14.2.0-19
2026-05-19 23:58:41 status not-installed libgomp1:arm64 <none>
2026-05-19 23:58:41 status installed libksba8:arm64 1.6.7-2+b1
2026-05-19 23:58:41 remove libksba8:arm64 1.6.7-2+b1 <none>
2026-05-19 23:58:41 status half-configured libksba8:arm64 1.6.7-2+b1
2026-05-19 23:58:41 status half-installed libksba8:arm64 1.6.7-2+b1
2026-05-19 23:58:41 status config-files libksba8:arm64 1.6.7-2+b1
2026-05-19 23:58:41 status not-installed libksba8:arm64 <none>
2026-05-19 23:58:41 status installed libgpg-error0:arm64 1.51-4
2026-05-19 23:58:41 remove libgpg-error0:arm64 1.51-4 <none>
2026-05-19 23:58:41 status half-configured libgpg-error0:arm64 1.51-4
2026-05-19 23:58:41 status half-installed libgpg-error0:arm64 1.51-4
2026-05-19 23:58:41 status config-files libgpg-error0:arm64 1.51-4
2026-05-19 23:58:41 status not-installed libgpg-error0:arm64 <none>
2026-05-19 23:58:41 status installed libhwasan0:arm64 14.2.0-19
2026-05-19 23:58:41 remove libhwasan0:arm64 14.2.0-19 <none>
2026-05-19 23:58:41 status half-configured libhwasan0:arm64 14.2.0-19
2026-05-19 23:58:41 status half-installed libhwasan0:arm64 14.2.0-19
2026-05-19 23:58:41 status config-files libhwasan0:arm64 14.2.0-19
2026-05-19 23:58:41 status not-installed libhwasan0:arm64 <none>
2026-05-19 23:58:41 status installed libpsl5t64:arm64 0.21.2-1.1+b1
2026-05-19 23:58:41 remove libpsl5t64:arm64 0.21.2-1.1+b1 <none>
2026-05-19 23:58:41 status half-configured libpsl5t64:arm64 0.21.2-1.1+b1
2026-05-19 23:58:41 status half-installed libpsl5t64:arm64 0.21.2-1.1+b1
2026-05-19 23:58:41 status config-files libpsl5t64:arm64 0.21.2-1.1+b1
2026-05-19 23:58:41 status not-installed libpsl5t64:arm64 <none>
2026-05-19 23:58:41 status installed libidn2-0:arm64 2.3.8-2
2026-05-19 23:58:41 remove libidn2-0:arm64 2.3.8-2 <none>
2026-05-19 23:58:41 status half-configured libidn2-0:arm64 2.3.8-2
2026-05-19 23:58:41 status half-installed libidn2-0:arm64 2.3.8-2
2026-05-19 23:58:41 status config-files libidn2-0:arm64 2.3.8-2
2026-05-19 23:58:41 status not-installed libidn2-0:arm64 <none>
2026-05-19 23:58:41 status installed libisl23:arm64 0.27-1
2026-05-19 23:58:41 remove libisl23:arm64 0.27-1 <none>
2026-05-19 23:58:41 status half-configured libisl23:arm64 0.27-1
2026-05-19 23:58:41 status half-installed libisl23:arm64 0.27-1
2026-05-19 23:58:41 status config-files libisl23:arm64 0.27-1
2026-05-19 23:58:41 status not-installed libisl23:arm64 <none>
2026-05-19 23:58:41 status installed libitm1:arm64 14.2.0-19
2026-05-19 23:58:41 remove libitm1:arm64 14.2.0-19 <none>
2026-05-19 23:58:41 status half-configured libitm1:arm64 14.2.0-19
2026-05-19 23:58:41 status half-installed libitm1:arm64 14.2.0-19
2026-05-19 23:58:41 status config-files libitm1:arm64 14.2.0-19
2026-05-19 23:58:41 status not-installed libitm1:arm64 <none>
2026-05-19 23:58:41 status installed libjansson4:arm64 2.14-2+b3
2026-05-19 23:58:41 status installed libldap2:arm64 2.6.10+dfsg-1
2026-05-19 23:58:41 remove libldap2:arm64 2.6.10+dfsg-1 <none>
2026-05-19 23:58:41 status half-configured libldap2:arm64 2.6.10+dfsg-1
2026-05-19 23:58:41 status half-installed libldap2:arm64 2.6.10+dfsg-1
2026-05-19 23:58:41 status config-files libldap2:arm64 2.6.10+dfsg-1
2026-05-19 23:58:41 status not-installed libldap2:arm64 <none>
2026-05-19 23:58:41 status installed liblsan0:arm64 14.2.0-19
2026-05-19 23:58:41 remove liblsan0:arm64 14.2.0-19 <none>
2026-05-19 23:58:41 status half-configured liblsan0:arm64 14.2.0-19
2026-05-19 23:58:41 status half-installed liblsan0:arm64 14.2.0-19
2026-05-19 23:58:41 status config-files liblsan0:arm64 14.2.0-19
2026-05-19 23:58:41 status not-installed liblsan0:arm64 <none>
2026-05-19 23:58:41 status installed liblzma-dev:arm64 5.8.1-1
2026-05-19 23:58:41 remove liblzma-dev:arm64 5.8.1-1 <none>
2026-05-19 23:58:41 status half-configured liblzma-dev:arm64 5.8.1-1
2026-05-19 23:58:41 status half-installed liblzma-dev:arm64 5.8.1-1
2026-05-19 23:58:41 status config-files liblzma-dev:arm64 5.8.1-1
2026-05-19 23:58:41 status not-installed liblzma-dev:arm64 <none>
2026-05-19 23:58:41 status installed libmpc3:arm64 1.3.1-1+b3
2026-05-19 23:58:41 remove libmpc3:arm64 1.3.1-1+b3 <none>
2026-05-19 23:58:41 status half-configured libmpc3:arm64 1.3.1-1+b3
2026-05-19 23:58:41 status half-installed libmpc3:arm64 1.3.1-1+b3
2026-05-19 23:58:41 status config-files libmpc3:arm64 1.3.1-1+b3
2026-05-19 23:58:41 status not-installed libmpc3:arm64 <none>
2026-05-19 23:58:41 status installed libmpfr6:arm64 4.2.2-1
2026-05-19 23:58:41 remove libmpfr6:arm64 4.2.2-1 <none>
2026-05-19 23:58:41 status half-configured libmpfr6:arm64 4.2.2-1
2026-05-19 23:58:41 status half-installed libmpfr6:arm64 4.2.2-1
2026-05-19 23:58:41 status config-files libmpfr6:arm64 4.2.2-1
2026-05-19 23:58:41 status not-installed libmpfr6:arm64 <none>
2026-05-19 23:58:41 status installed libncurses6:arm64 6.5+20250216-2
2026-05-19 23:58:41 remove libncurses6:arm64 6.5+20250216-2 <none>
2026-05-19 23:58:41 status half-configured libncurses6:arm64 6.5+20250216-2
2026-05-19 23:58:41 status half-installed libncurses6:arm64 6.5+20250216-2
2026-05-19 23:58:41 status config-files libncurses6:arm64 6.5+20250216-2
2026-05-19 23:58:41 status not-installed libncurses6:arm64 <none>
2026-05-19 23:58:41 status installed libnpth0t64:arm64 1.8-3
2026-05-19 23:58:41 remove libnpth0t64:arm64 1.8-3 <none>
2026-05-19 23:58:41 status half-configured libnpth0t64:arm64 1.8-3
2026-05-19 23:58:41 status half-installed libnpth0t64:arm64 1.8-3
2026-05-19 23:58:41 status config-files libnpth0t64:arm64 1.8-3
2026-05-19 23:58:41 status not-installed libnpth0t64:arm64 <none>
2026-05-19 23:58:41 status installed libp11-kit0:arm64 0.25.5-3
2026-05-19 23:58:41 remove libp11-kit0:arm64 0.25.5-3 <none>
2026-05-19 23:58:41 status half-configured libp11-kit0:arm64 0.25.5-3
2026-05-19 23:58:41 status half-installed libp11-kit0:arm64 0.25.5-3
2026-05-19 23:58:41 status config-files libp11-kit0:arm64 0.25.5-3
2026-05-19 23:58:41 status not-installed libp11-kit0:arm64 <none>
2026-05-19 23:58:41 status installed pkgconf:arm64 1.8.1-4
2026-05-19 23:58:41 remove pkgconf:arm64 1.8.1-4 <none>
2026-05-19 23:58:41 status half-configured pkgconf:arm64 1.8.1-4
2026-05-19 23:58:41 status half-installed pkgconf:arm64 1.8.1-4
2026-05-19 23:58:41 status config-files pkgconf:arm64 1.8.1-4
2026-05-19 23:58:41 status installed pkgconf-bin:arm64 1.8.1-4
2026-05-19 23:58:41 remove pkgconf-bin:arm64 1.8.1-4 <none>
2026-05-19 23:58:41 status half-configured pkgconf-bin:arm64 1.8.1-4
2026-05-19 23:58:41 status half-installed pkgconf-bin:arm64 1.8.1-4
2026-05-19 23:58:41 status config-files pkgconf-bin:arm64 1.8.1-4
2026-05-19 23:58:42 status not-installed pkgconf-bin:arm64 <none>
2026-05-19 23:58:42 status installed libpkgconf3:arm64 1.8.1-4
2026-05-19 23:58:42 remove libpkgconf3:arm64 1.8.1-4 <none>
2026-05-19 23:58:42 status half-configured libpkgconf3:arm64 1.8.1-4
2026-05-19 23:58:42 status half-installed libpkgconf3:arm64 1.8.1-4
2026-05-19 23:58:42 status config-files libpkgconf3:arm64 1.8.1-4
2026-05-19 23:58:42 status not-installed libpkgconf3:arm64 <none>
2026-05-19 23:58:42 status installed libpng16-16t64:arm64 1.6.48-1+deb13u5
2026-05-19 23:58:42 remove libpng16-16t64:arm64 1.6.48-1+deb13u5 <none>
2026-05-19 23:58:42 status half-configured libpng16-16t64:arm64 1.6.48-1+deb13u5
2026-05-19 23:58:42 status half-installed libpng16-16t64:arm64 1.6.48-1+deb13u5
2026-05-19 23:58:42 status config-files libpng16-16t64:arm64 1.6.48-1+deb13u5
2026-05-19 23:58:42 status not-installed libpng16-16t64:arm64 <none>
2026-05-19 23:58:42 status installed libsasl2-2:arm64 2.1.28+dfsg1-9
2026-05-19 23:58:42 remove libsasl2-2:arm64 2.1.28+dfsg1-9 <none>
2026-05-19 23:58:42 status half-configured libsasl2-2:arm64 2.1.28+dfsg1-9
2026-05-19 23:58:42 status half-installed libsasl2-2:arm64 2.1.28+dfsg1-9
2026-05-19 23:58:42 status config-files libsasl2-2:arm64 2.1.28+dfsg1-9
2026-05-19 23:58:42 status not-installed libsasl2-2:arm64 <none>
2026-05-19 23:58:42 status installed libsasl2-modules-db:arm64 2.1.28+dfsg1-9
2026-05-19 23:58:42 remove libsasl2-modules-db:arm64 2.1.28+dfsg1-9 <none>
2026-05-19 23:58:42 status half-configured libsasl2-modules-db:arm64 2.1.28+dfsg1-9
2026-05-19 23:58:42 status half-installed libsasl2-modules-db:arm64 2.1.28+dfsg1-9
2026-05-19 23:58:42 status config-files libsasl2-modules-db:arm64 2.1.28+dfsg1-9
2026-05-19 23:58:42 status not-installed libsasl2-modules-db:arm64 <none>
2026-05-19 23:58:42 status installed libsframe1:arm64 2.44-3
2026-05-19 23:58:42 status installed libssl-dev:arm64 3.5.6-1~deb13u1
2026-05-19 23:58:42 remove libssl-dev:arm64 3.5.6-1~deb13u1 <none>
2026-05-19 23:58:42 status half-configured libssl-dev:arm64 3.5.6-1~deb13u1
2026-05-19 23:58:42 status half-installed libssl-dev:arm64 3.5.6-1~deb13u1
2026-05-19 23:58:42 status config-files libssl-dev:arm64 3.5.6-1~deb13u1
2026-05-19 23:58:42 status not-installed libssl-dev:arm64 <none>
2026-05-19 23:58:42 status installed libtasn1-6:arm64 4.20.0-2
2026-05-19 23:58:42 remove libtasn1-6:arm64 4.20.0-2 <none>
2026-05-19 23:58:42 status half-configured libtasn1-6:arm64 4.20.0-2
2026-05-19 23:58:42 status half-installed libtasn1-6:arm64 4.20.0-2
2026-05-19 23:58:42 status config-files libtasn1-6:arm64 4.20.0-2
2026-05-19 23:58:42 status not-installed libtasn1-6:arm64 <none>
2026-05-19 23:58:42 status installed tcl:arm64 8.6.16
2026-05-19 23:58:42 remove tcl:arm64 8.6.16 <none>
2026-05-19 23:58:42 status half-configured tcl:arm64 8.6.16
2026-05-19 23:58:42 status half-installed tcl:arm64 8.6.16
2026-05-19 23:58:42 status config-files tcl:arm64 8.6.16
2026-05-19 23:58:42 status not-installed tcl:arm64 <none>
2026-05-19 23:58:42 status installed tcl8.6:arm64 8.6.16+dfsg-1
2026-05-19 23:58:42 remove tcl8.6:arm64 8.6.16+dfsg-1 <none>
2026-05-19 23:58:42 status half-configured tcl8.6:arm64 8.6.16+dfsg-1
2026-05-19 23:58:42 status half-installed tcl8.6:arm64 8.6.16+dfsg-1
2026-05-19 23:58:42 status config-files tcl8.6:arm64 8.6.16+dfsg-1
2026-05-19 23:58:42 status not-installed tcl8.6:arm64 <none>
2026-05-19 23:58:42 status installed libtcl8.6:arm64 8.6.16+dfsg-1
2026-05-19 23:58:42 remove libtcl8.6:arm64 8.6.16+dfsg-1 <none>
2026-05-19 23:58:42 status half-configured libtcl8.6:arm64 8.6.16+dfsg-1
2026-05-19 23:58:42 status half-installed libtcl8.6:arm64 8.6.16+dfsg-1
2026-05-19 23:58:42 status config-files libtcl8.6:arm64 8.6.16+dfsg-1
2026-05-19 23:58:42 status not-installed libtcl8.6:arm64 <none>
2026-05-19 23:58:42 status installed libtsan2:arm64 14.2.0-19
2026-05-19 23:58:42 remove libtsan2:arm64 14.2.0-19 <none>
2026-05-19 23:58:42 status half-configured libtsan2:arm64 14.2.0-19
2026-05-19 23:58:42 status half-installed libtsan2:arm64 14.2.0-19
2026-05-19 23:58:42 status config-files libtsan2:arm64 14.2.0-19
2026-05-19 23:58:42 status not-installed libtsan2:arm64 <none>
2026-05-19 23:58:42 status installed libubsan1:arm64 14.2.0-19
2026-05-19 23:58:42 remove libubsan1:arm64 14.2.0-19 <none>
2026-05-19 23:58:42 status half-configured libubsan1:arm64 14.2.0-19
2026-05-19 23:58:42 status half-installed libubsan1:arm64 14.2.0-19
2026-05-19 23:58:42 status config-files libubsan1:arm64 14.2.0-19
2026-05-19 23:58:42 status not-installed libubsan1:arm64 <none>
2026-05-19 23:58:42 status installed libunistring5:arm64 1.3-2
2026-05-19 23:58:42 remove libunistring5:arm64 1.3-2 <none>
2026-05-19 23:58:42 status half-configured libunistring5:arm64 1.3-2
2026-05-19 23:58:42 status half-installed libunistring5:arm64 1.3-2
2026-05-19 23:58:42 status config-files libunistring5:arm64 1.3-2
2026-05-19 23:58:42 status not-installed libunistring5:arm64 <none>
2026-05-19 23:58:42 status installed libxss-dev:arm64 1:1.2.3-1+b3
2026-05-19 23:58:42 remove libxss-dev:arm64 1:1.2.3-1+b3 <none>
2026-05-19 23:58:42 status half-configured libxss-dev:arm64 1:1.2.3-1+b3
2026-05-19 23:58:42 status half-installed libxss-dev:arm64 1:1.2.3-1+b3
2026-05-19 23:58:42 status config-files libxss-dev:arm64 1:1.2.3-1+b3
2026-05-19 23:58:42 status not-installed libxss-dev:arm64 <none>
2026-05-19 23:58:42 status installed libxrender-dev:arm64 1:0.9.12-1
2026-05-19 23:58:42 remove libxrender-dev:arm64 1:0.9.12-1 <none>
2026-05-19 23:58:42 status half-configured libxrender-dev:arm64 1:0.9.12-1
2026-05-19 23:58:42 status half-installed libxrender-dev:arm64 1:0.9.12-1
2026-05-19 23:58:42 status config-files libxrender-dev:arm64 1:0.9.12-1
2026-05-19 23:58:42 status not-installed libxrender-dev:arm64 <none>
2026-05-19 23:58:42 status installed libx11-dev:arm64 2:1.8.12-1
2026-05-19 23:58:42 status installed libxss1:arm64 1:1.2.3-1+b3
2026-05-19 23:58:42 remove libxss1:arm64 1:1.2.3-1+b3 <none>
2026-05-19 23:58:42 status half-configured libxss1:arm64 1:1.2.3-1+b3
2026-05-19 23:58:42 status half-installed libxss1:arm64 1:1.2.3-1+b3
2026-05-19 23:58:42 status config-files libxss1:arm64 1:1.2.3-1+b3
2026-05-19 23:58:42 status not-installed libxss1:arm64 <none>
2026-05-19 23:58:42 status installed libx11-6:arm64 2:1.8.12-1
2026-05-19 23:58:42 status installed libx11-data:all 2:1.8.12-1
2026-05-19 23:58:42 status installed libxcb1-dev:arm64 1.17.0-2+b1
2026-05-19 23:58:42 status installed libxau-dev:arm64 1:1.0.11-1
2026-05-19 23:58:42 status installed libxcb1:arm64 1.17.0-2+b1
2026-05-19 23:58:42 status installed libxau6:arm64 1:1.0.11-1
2026-05-19 23:58:42 status installed libxdmcp-dev:arm64 1:1.1.5-1
2026-05-19 23:58:42 status installed libxdmcp6:arm64 1:1.1.5-1
2026-05-19 23:58:42 status installed libxext-dev:arm64 2:1.3.4-1+b3
2026-05-19 23:58:42 remove libxext-dev:arm64 2:1.3.4-1+b3 <none>
2026-05-19 23:58:42 status half-configured libxext-dev:arm64 2:1.3.4-1+b3
2026-05-19 23:58:42 status half-installed libxext-dev:arm64 2:1.3.4-1+b3
2026-05-19 23:58:42 status config-files libxext-dev:arm64 2:1.3.4-1+b3
2026-05-19 23:58:42 status not-installed libxext-dev:arm64 <none>
2026-05-19 23:58:42 status installed libxext6:arm64 2:1.3.4-1+b3
2026-05-19 23:58:42 remove libxext6:arm64 2:1.3.4-1+b3 <none>
2026-05-19 23:58:42 status half-configured libxext6:arm64 2:1.3.4-1+b3
2026-05-19 23:58:42 status half-installed libxext6:arm64 2:1.3.4-1+b3
2026-05-19 23:58:42 status config-files libxext6:arm64 2:1.3.4-1+b3
2026-05-19 23:58:42 status not-installed libxext6:arm64 <none>
2026-05-19 23:58:42 status installed libxrender1:arm64 1:0.9.12-1
2026-05-19 23:58:42 remove libxrender1:arm64 1:0.9.12-1 <none>
2026-05-19 23:58:42 status half-configured libxrender1:arm64 1:0.9.12-1
2026-05-19 23:58:42 status half-installed libxrender1:arm64 1:0.9.12-1
2026-05-19 23:58:42 status config-files libxrender1:arm64 1:0.9.12-1
2026-05-19 23:58:42 status not-installed libxrender1:arm64 <none>
2026-05-19 23:58:42 status installed linux-libc-dev:all 6.12.88-1
2026-05-19 23:58:42 status installed make:arm64 4.4.1-2
2026-05-19 23:58:42 status installed patch:arm64 2.8-2
2026-05-19 23:58:42 status installed perl-modules-5.40:all 5.40.1-6
2026-05-19 23:58:42 status installed rpcsvc-proto:arm64 1.4.3-1+b1
2026-05-19 23:58:42 status installed x11-common:all 1:7.7+24+deb13u1
2026-05-19 23:58:42 remove x11-common:all 1:7.7+24+deb13u1 <none>
2026-05-19 23:58:42 status half-configured x11-common:all 1:7.7+24+deb13u1
2026-05-19 23:58:42 status half-installed x11-common:all 1:7.7+24+deb13u1
2026-05-19 23:58:42 status config-files x11-common:all 1:7.7+24+deb13u1
2026-05-19 23:58:43 status installed x11proto-core-dev:all 2024.1-1
2026-05-19 23:58:43 remove x11proto-core-dev:all 2024.1-1 <none>
2026-05-19 23:58:43 status half-configured x11proto-core-dev:all 2024.1-1
2026-05-19 23:58:43 status half-installed x11proto-core-dev:all 2024.1-1
2026-05-19 23:58:43 status config-files x11proto-core-dev:all 2024.1-1
2026-05-19 23:58:43 status not-installed x11proto-core-dev:all <none>
2026-05-19 23:58:43 status installed x11proto-dev:all 2024.1-1
2026-05-19 23:58:43 status installed xorg-sgml-doctools:all 1:1.11-1.1
2026-05-19 23:58:43 status installed xtrans-dev:all 1.4.0-1
2026-05-19 23:58:43 status installed xz-utils:arm64 5.8.1-1
2026-05-19 23:58:43 remove dpkg-dev:all 1.22.22 <none>
2026-05-19 23:58:43 status half-configured dpkg-dev:all 1.22.22
2026-05-19 23:58:43 status half-installed dpkg-dev:all 1.22.22
2026-05-19 23:58:43 status config-files dpkg-dev:all 1.22.22
2026-05-19 23:58:43 remove binutils:arm64 2.44-3 <none>
2026-05-19 23:58:43 status half-configured binutils:arm64 2.44-3
2026-05-19 23:58:43 status half-installed binutils:arm64 2.44-3
2026-05-19 23:58:43 status config-files binutils:arm64 2.44-3
2026-05-19 23:58:43 remove binutils-aarch64-linux-gnu:arm64 2.44-3 <none>
2026-05-19 23:58:43 status half-configured binutils-aarch64-linux-gnu:arm64 2.44-3
2026-05-19 23:58:43 status half-installed binutils-aarch64-linux-gnu:arm64 2.44-3
2026-05-19 23:58:43 status config-files binutils-aarch64-linux-gnu:arm64 2.44-3
2026-05-19 23:58:43 status not-installed binutils-aarch64-linux-gnu:arm64 <none>
2026-05-19 23:58:43 remove libgprofng0:arm64 2.44-3 <none>
2026-05-19 23:58:43 status half-configured libgprofng0:arm64 2.44-3
2026-05-19 23:58:43 status half-installed libgprofng0:arm64 2.44-3
2026-05-19 23:58:43 status config-files libgprofng0:arm64 2.44-3
2026-05-19 23:58:43 status not-installed libgprofng0:arm64 <none>
2026-05-19 23:58:43 remove libctf0:arm64 2.44-3 <none>
2026-05-19 23:58:43 status half-configured libctf0:arm64 2.44-3
2026-05-19 23:58:43 status half-installed libctf0:arm64 2.44-3
2026-05-19 23:58:43 status config-files libctf0:arm64 2.44-3
2026-05-19 23:58:43 status not-installed libctf0:arm64 <none>
2026-05-19 23:58:43 remove libbinutils:arm64 2.44-3 <none>
2026-05-19 23:58:43 status half-configured libbinutils:arm64 2.44-3
2026-05-19 23:58:43 status half-installed libbinutils:arm64 2.44-3
2026-05-19 23:58:43 status config-files libbinutils:arm64 2.44-3
2026-05-19 23:58:43 status not-installed libbinutils:arm64 <none>
2026-05-19 23:58:43 remove binutils-common:arm64 2.44-3 <none>
2026-05-19 23:58:43 status half-configured binutils-common:arm64 2.44-3
2026-05-19 23:58:43 status half-installed binutils-common:arm64 2.44-3
2026-05-19 23:58:43 status config-files binutils-common:arm64 2.44-3
2026-05-19 23:58:43 remove bzip2:arm64 1.0.8-6 <none>
2026-05-19 23:58:43 status half-configured bzip2:arm64 1.0.8-6
2026-05-19 23:58:43 status half-installed bzip2:arm64 1.0.8-6
2026-05-19 23:58:43 status config-files bzip2:arm64 1.0.8-6
2026-05-19 23:58:43 status not-installed bzip2:arm64 <none>
2026-05-19 23:58:43 remove libc6-dev:arm64 2.41-12+deb13u3 <none>
2026-05-19 23:58:43 status half-configured libc6-dev:arm64 2.41-12+deb13u3
2026-05-19 23:58:43 status half-installed libc6-dev:arm64 2.41-12+deb13u3
2026-05-19 23:58:43 status config-files libc6-dev:arm64 2.41-12+deb13u3
2026-05-19 23:58:43 status not-installed libc6-dev:arm64 <none>
2026-05-19 23:58:43 remove libc-dev-bin:arm64 2.41-12+deb13u3 <none>
2026-05-19 23:58:43 status half-configured libc-dev-bin:arm64 2.41-12+deb13u3
2026-05-19 23:58:43 status half-installed libc-dev-bin:arm64 2.41-12+deb13u3
2026-05-19 23:58:43 status config-files libc-dev-bin:arm64 2.41-12+deb13u3
2026-05-19 23:58:43 status not-installed libc-dev-bin:arm64 <none>
2026-05-19 23:58:43 remove libcrypt-dev:arm64 1:4.4.38-1 <none>
2026-05-19 23:58:43 status half-configured libcrypt-dev:arm64 1:4.4.38-1
2026-05-19 23:58:43 status half-installed libcrypt-dev:arm64 1:4.4.38-1
2026-05-19 23:58:43 status config-files libcrypt-dev:arm64 1:4.4.38-1
2026-05-19 23:58:43 remove libctf-nobfd0:arm64 2.44-3 <none>
2026-05-19 23:58:43 status half-configured libctf-nobfd0:arm64 2.44-3
2026-05-19 23:58:43 status half-installed libctf-nobfd0:arm64 2.44-3
2026-05-19 23:58:43 status config-files libctf-nobfd0:arm64 2.44-3
2026-05-19 23:58:43 status not-installed libctf-nobfd0:arm64 <none>
2026-05-19 23:58:43 remove libdpkg-perl:all 1.22.22 <none>
2026-05-19 23:58:43 status half-configured libdpkg-perl:all 1.22.22
2026-05-19 23:58:43 status half-installed libdpkg-perl:all 1.22.22
2026-05-19 23:58:43 status config-files libdpkg-perl:all 1.22.22
2026-05-19 23:58:43 status not-installed libdpkg-perl:all <none>
2026-05-19 23:58:43 remove perl:arm64 5.40.1-6 <none>
2026-05-19 23:58:43 status half-configured perl:arm64 5.40.1-6
2026-05-19 23:58:43 status half-installed perl:arm64 5.40.1-6
2026-05-19 23:58:43 status config-files perl:arm64 5.40.1-6
2026-05-19 23:58:43 remove libperl5.40:arm64 5.40.1-6 <none>
2026-05-19 23:58:43 status half-configured libperl5.40:arm64 5.40.1-6
2026-05-19 23:58:43 status half-installed libperl5.40:arm64 5.40.1-6
2026-05-19 23:58:43 status config-files libperl5.40:arm64 5.40.1-6
2026-05-19 23:58:43 status not-installed libperl5.40:arm64 <none>
2026-05-19 23:58:43 remove libgdbm-compat4t64:arm64 1.24-2 <none>
2026-05-19 23:58:43 status half-configured libgdbm-compat4t64:arm64 1.24-2
2026-05-19 23:58:43 status half-installed libgdbm-compat4t64:arm64 1.24-2
2026-05-19 23:58:43 status config-files libgdbm-compat4t64:arm64 1.24-2
2026-05-19 23:58:43 status not-installed libgdbm-compat4t64:arm64 <none>
2026-05-19 23:58:43 remove libjansson4:arm64 2.14-2+b3 <none>
2026-05-19 23:58:43 status half-configured libjansson4:arm64 2.14-2+b3
2026-05-19 23:58:43 status half-installed libjansson4:arm64 2.14-2+b3
2026-05-19 23:58:43 status config-files libjansson4:arm64 2.14-2+b3
2026-05-19 23:58:43 status not-installed libjansson4:arm64 <none>
2026-05-19 23:58:43 remove libsframe1:arm64 2.44-3 <none>
2026-05-19 23:58:43 status half-configured libsframe1:arm64 2.44-3
2026-05-19 23:58:43 status half-installed libsframe1:arm64 2.44-3
2026-05-19 23:58:43 status config-files libsframe1:arm64 2.44-3
2026-05-19 23:58:43 status not-installed libsframe1:arm64 <none>
2026-05-19 23:58:43 remove libx11-dev:arm64 2:1.8.12-1 <none>
2026-05-19 23:58:43 status half-configured libx11-dev:arm64 2:1.8.12-1
2026-05-19 23:58:43 status half-installed libx11-dev:arm64 2:1.8.12-1
2026-05-19 23:58:43 status config-files libx11-dev:arm64 2:1.8.12-1
2026-05-19 23:58:43 status not-installed libx11-dev:arm64 <none>
2026-05-19 23:58:43 remove libx11-6:arm64 2:1.8.12-1 <none>
2026-05-19 23:58:43 status half-configured libx11-6:arm64 2:1.8.12-1
2026-05-19 23:58:43 status half-installed libx11-6:arm64 2:1.8.12-1
2026-05-19 23:58:44 status config-files libx11-6:arm64 2:1.8.12-1
2026-05-19 23:58:44 status not-installed libx11-6:arm64 <none>
2026-05-19 23:58:44 remove libx11-data:all 2:1.8.12-1 <none>
2026-05-19 23:58:44 status half-configured libx11-data:all 2:1.8.12-1
2026-05-19 23:58:44 status half-installed libx11-data:all 2:1.8.12-1
2026-05-19 23:58:44 status config-files libx11-data:all 2:1.8.12-1
2026-05-19 23:58:44 status not-installed libx11-data:all <none>
2026-05-19 23:58:44 remove libxcb1-dev:arm64 1.17.0-2+b1 <none>
2026-05-19 23:58:44 status half-configured libxcb1-dev:arm64 1.17.0-2+b1
2026-05-19 23:58:44 status half-installed libxcb1-dev:arm64 1.17.0-2+b1
2026-05-19 23:58:44 status config-files libxcb1-dev:arm64 1.17.0-2+b1
2026-05-19 23:58:44 status not-installed libxcb1-dev:arm64 <none>
2026-05-19 23:58:44 remove libxau-dev:arm64 1:1.0.11-1 <none>
2026-05-19 23:58:44 status half-configured libxau-dev:arm64 1:1.0.11-1
2026-05-19 23:58:44 status half-installed libxau-dev:arm64 1:1.0.11-1
2026-05-19 23:58:44 status config-files libxau-dev:arm64 1:1.0.11-1
2026-05-19 23:58:44 status not-installed libxau-dev:arm64 <none>
2026-05-19 23:58:44 remove libxcb1:arm64 1.17.0-2+b1 <none>
2026-05-19 23:58:44 status half-configured libxcb1:arm64 1.17.0-2+b1
2026-05-19 23:58:44 status half-installed libxcb1:arm64 1.17.0-2+b1
2026-05-19 23:58:44 status config-files libxcb1:arm64 1.17.0-2+b1
2026-05-19 23:58:44 status not-installed libxcb1:arm64 <none>
2026-05-19 23:58:44 remove libxau6:arm64 1:1.0.11-1 <none>
2026-05-19 23:58:44 status half-configured libxau6:arm64 1:1.0.11-1
2026-05-19 23:58:44 status half-installed libxau6:arm64 1:1.0.11-1
2026-05-19 23:58:44 status config-files libxau6:arm64 1:1.0.11-1
2026-05-19 23:58:44 status not-installed libxau6:arm64 <none>
2026-05-19 23:58:44 remove libxdmcp-dev:arm64 1:1.1.5-1 <none>
2026-05-19 23:58:44 status half-configured libxdmcp-dev:arm64 1:1.1.5-1
2026-05-19 23:58:44 status half-installed libxdmcp-dev:arm64 1:1.1.5-1
2026-05-19 23:58:44 status config-files libxdmcp-dev:arm64 1:1.1.5-1
2026-05-19 23:58:44 status not-installed libxdmcp-dev:arm64 <none>
2026-05-19 23:58:44 remove libxdmcp6:arm64 1:1.1.5-1 <none>
2026-05-19 23:58:44 status half-configured libxdmcp6:arm64 1:1.1.5-1
2026-05-19 23:58:44 status half-installed libxdmcp6:arm64 1:1.1.5-1
2026-05-19 23:58:44 status config-files libxdmcp6:arm64 1:1.1.5-1
2026-05-19 23:58:44 status not-installed libxdmcp6:arm64 <none>
2026-05-19 23:58:44 remove linux-libc-dev:all 6.12.88-1 <none>
2026-05-19 23:58:44 status half-configured linux-libc-dev:all 6.12.88-1
2026-05-19 23:58:44 status half-installed linux-libc-dev:all 6.12.88-1
2026-05-19 23:58:44 status config-files linux-libc-dev:all 6.12.88-1
2026-05-19 23:58:44 status not-installed linux-libc-dev:all <none>
2026-05-19 23:58:44 remove make:arm64 4.4.1-2 <none>
2026-05-19 23:58:44 status half-configured make:arm64 4.4.1-2
2026-05-19 23:58:44 status half-installed make:arm64 4.4.1-2
2026-05-19 23:58:44 status config-files make:arm64 4.4.1-2
2026-05-19 23:58:44 status not-installed make:arm64 <none>
2026-05-19 23:58:44 remove patch:arm64 2.8-2 <none>
2026-05-19 23:58:44 status half-configured patch:arm64 2.8-2
2026-05-19 23:58:44 status half-installed patch:arm64 2.8-2
2026-05-19 23:58:44 status config-files patch:arm64 2.8-2
2026-05-19 23:58:44 status not-installed patch:arm64 <none>
2026-05-19 23:58:44 remove perl-modules-5.40:all 5.40.1-6 <none>
2026-05-19 23:58:44 status half-configured perl-modules-5.40:all 5.40.1-6
2026-05-19 23:58:44 status half-installed perl-modules-5.40:all 5.40.1-6
2026-05-19 23:58:44 status config-files perl-modules-5.40:all 5.40.1-6
2026-05-19 23:58:44 status not-installed perl-modules-5.40:all <none>
2026-05-19 23:58:44 remove rpcsvc-proto:arm64 1.4.3-1+b1 <none>
2026-05-19 23:58:44 status half-configured rpcsvc-proto:arm64 1.4.3-1+b1
2026-05-19 23:58:44 status half-installed rpcsvc-proto:arm64 1.4.3-1+b1
2026-05-19 23:58:44 status config-files rpcsvc-proto:arm64 1.4.3-1+b1
2026-05-19 23:58:44 status not-installed rpcsvc-proto:arm64 <none>
2026-05-19 23:58:44 remove x11proto-dev:all 2024.1-1 <none>
2026-05-19 23:58:44 status half-configured x11proto-dev:all 2024.1-1
2026-05-19 23:58:44 status half-installed x11proto-dev:all 2024.1-1
2026-05-19 23:58:44 status config-files x11proto-dev:all 2024.1-1
2026-05-19 23:58:44 status not-installed x11proto-dev:all <none>
2026-05-19 23:58:44 remove xorg-sgml-doctools:all 1:1.11-1.1 <none>
2026-05-19 23:58:44 status half-configured xorg-sgml-doctools:all 1:1.11-1.1
2026-05-19 23:58:44 status half-installed xorg-sgml-doctools:all 1:1.11-1.1
2026-05-19 23:58:44 status config-files xorg-sgml-doctools:all 1:1.11-1.1
2026-05-19 23:58:44 status not-installed xorg-sgml-doctools:all <none>
2026-05-19 23:58:44 remove xtrans-dev:all 1.4.0-1 <none>
2026-05-19 23:58:44 status half-configured xtrans-dev:all 1.4.0-1
2026-05-19 23:58:44 status half-installed xtrans-dev:all 1.4.0-1
2026-05-19 23:58:44 status config-files xtrans-dev:all 1.4.0-1
2026-05-19 23:58:44 status not-installed xtrans-dev:all <none>
2026-05-19 23:58:44 remove xz-utils:arm64 5.8.1-1 <none>
2026-05-19 23:58:44 status half-configured xz-utils:arm64 5.8.1-1
2026-05-19 23:58:44 status half-installed xz-utils:arm64 5.8.1-1
2026-05-19 23:58:44 status config-files xz-utils:arm64 5.8.1-1
2026-05-19 23:58:44 status not-installed xz-utils:arm64 <none>
2026-05-19 23:58:44 startup packages configure
2026-05-19 23:58:44 trigproc libc-bin:arm64 2.41-12+deb13u3 <none>
2026-05-19 23:58:44 status half-configured libc-bin:arm64 2.41-12+deb13u3
2026-05-19 23:58:44 status installed libc-bin:arm64 2.41-12+deb13u3
2026-05-19 23:58:44 startup packages purge
2026-05-19 23:58:44 purge gpg-agent:arm64 2.4.7-21+deb13u1+b3 <none>
2026-05-19 23:58:44 status config-files gpg-agent:arm64 2.4.7-21+deb13u1+b3
2026-05-19 23:58:45 status not-installed gpg-agent:arm64 <none>
2026-05-19 23:58:45 purge wget:arm64 1.25.0-2 <none>
2026-05-19 23:58:45 status config-files wget:arm64 1.25.0-2
2026-05-19 23:58:45 status not-installed wget:arm64 <none>
2026-05-19 23:58:45 purge fontconfig-config:arm64 2.15.0-2.3 <none>
2026-05-19 23:58:45 status config-files fontconfig-config:arm64 2.15.0-2.3
2026-05-19 23:58:45 status not-installed fontconfig-config:arm64 <none>
2026-05-19 23:58:45 purge binutils-common:arm64 2.44-3 <none>
2026-05-19 23:58:45 status config-files binutils-common:arm64 2.44-3
2026-05-19 23:58:45 status not-installed binutils-common:arm64 <none>
2026-05-19 23:58:45 purge x11-common:all 1:7.7+24+deb13u1 <none>
2026-05-19 23:58:45 status config-files x11-common:all 1:7.7+24+deb13u1
2026-05-19 23:58:45 status not-installed x11-common:all <none>
2026-05-19 23:58:45 purge binutils:arm64 2.44-3 <none>
2026-05-19 23:58:45 status config-files binutils:arm64 2.44-3
2026-05-19 23:58:45 status not-installed binutils:arm64 <none>
2026-05-19 23:58:45 purge dpkg-dev:all 1.22.22 <none>
2026-05-19 23:58:45 status config-files dpkg-dev:all 1.22.22
2026-05-19 23:58:45 status not-installed dpkg-dev:all <none>
2026-05-19 23:58:45 purge pkgconf:arm64 1.8.1-4 <none>
2026-05-19 23:58:45 status config-files pkgconf:arm64 1.8.1-4
2026-05-19 23:58:45 status not-installed pkgconf:arm64 <none>
2026-05-19 23:58:45 purge dirmngr:arm64 2.4.7-21+deb13u1+b3 <none>
2026-05-19 23:58:45 status config-files dirmngr:arm64 2.4.7-21+deb13u1+b3
2026-05-19 23:58:45 status not-installed dirmngr:arm64 <none>
2026-05-19 23:58:45 purge perl:arm64 5.40.1-6 <none>
2026-05-19 23:58:45 status config-files perl:arm64 5.40.1-6
2026-05-19 23:58:45 status not-installed perl:arm64 <none>
2026-05-19 23:58:45 purge fonts-dejavu-mono:all 2.37-8 <none>
2026-05-19 23:58:45 status config-files fonts-dejavu-mono:all 2.37-8
2026-05-19 23:58:45 status not-installed fonts-dejavu-mono:all <none>
2026-05-19 23:58:45 purge fonts-dejavu-core:all 2.37-8 <none>
2026-05-19 23:58:45 status config-files fonts-dejavu-core:all 2.37-8
2026-05-19 23:58:45 status not-installed fonts-dejavu-core:all <none>
2026-05-19 23:58:45 purge libcrypt-dev:arm64 1:4.4.38-1 <none>
2026-05-19 23:58:45 status config-files libcrypt-dev:arm64 1:4.4.38-1
2026-05-19 23:58:45 status not-installed libcrypt-dev:arm64 <none>
2026-05-19 23:58:45 purge cpp:arm64 4:14.2.0-1 <none>
2026-05-19 23:58:45 status config-files cpp:arm64 4:14.2.0-1
2026-05-19 23:58:45 status not-installed cpp:arm64 <none>
2026-05-19 23:58:45 purge gpg:arm64 2.4.7-21+deb13u1+b3 <none>
2026-05-19 23:58:45 status config-files gpg:arm64 2.4.7-21+deb13u1+b3
2026-05-19 23:58:45 status not-installed gpg:arm64 <none>
2026-05-19 23:58:45 startup packages configure
